"lipid","log2FC","lipid_class","minus_log10_pvalue"
"PI(38:6)",0.0767554243753494,"non-sig",0.0486624812040823
"PI(38:6)",2.24722706125748,"non-sig",1.14813039927023
"PC(39:4)",-0.473468203504286,"non-sig",0.349692476868064
"PC(O-40:4)",-0.463444667578358,"non-sig",0.293282217663241
"PC(O-40:4)",-0.514167234570998,"non-sig",0.366531544420413
"PC(O-40:4)",-0.812943048524495,"non-sig",0.430626090384954
"PI(38:5)",1.79777202773014,"PI",1.81247927916354
"SM(43:3)",0.705307200178225,"non-sig",0.406713932979543
"PC(39:3)",-0.388941552072257,"non-sig",0.368556230986828
"PC(O-40:3)",-1.02909481628286,"non-sig",0.600326278518962
"PC(O-40:3)",-0.44169043588699,"non-sig",0.192464971931147
"HexCer(43:1)",-0.30884311131291,"non-sig",0.171984935776023
"PI(38:4)",-0.00300954565150491,"non-sig",0.00261361560268669
"SM(43:2)",1.11019357708939,"non-sig",0.653647025549361
"PC(40:9)",1.1229667513767,"non-sig",1.05109823902979
"PC(38:3)",-0.319378544155974,"non-sig",0.35261702988538
"PC(39:2)",-0.527121253863388,"non-sig",0.286509456906058
"PC(O-40:2)",-0.775457910609688,"non-sig",0.380906669373257
"HexCer(42:1)",-1.20630851679816,"non-sig",0.838631997765025
"FA(17:1)",1.33234501796704,"non-sig",1.24184537803261
"DGGA(44:12)",3.2356844617084,"Other",1.37571790416433
"PI(38:3)",-0.661100209321642,"non-sig",0.528708288941061
"SM(43:1)",0.899832814420911,"non-sig",0.756961951313706
"PC(40:8)",0.945318488931438,"non-sig",0.872895201635192
"PC(O-40:1)",-0.733445593636247,"non-sig",0.322393047279507
"PI(38:2)",-0.148670051698769,"non-sig",0.166215625343521
"SM(42:1)",0.300520118774521,"non-sig",0.157390760389438
"PC(40:7)",1.29615997428699,"PC",1.40230481407449
"PC(40:7)",0.523260278131485,"non-sig",0.694648630553376
"PC(40:7)",0.254455243260335,"non-sig",0.220403508742175
"HexCer(41:0)",-1.52314129090777,"non-sig",1.12551818230053
"SM(42:0)",0.445371394382263,"non-sig",0.317854923626168
"PC(40:6)",0.33945789238242,"non-sig",0.299296282854981
"SM(44:5)",1.51830564025422,"non-sig",0.555955204081924
"PC(40:5)",0.478899395871611,"non-sig",0.385102783966865
"PI(39:6)",-0.118693258449206,"non-sig",0.0604807473813815
"PI(O-40:6)",-0.445652875037656,"non-sig",0.193141970481183
"PC(40:4)",-0.618006550930925,"non-sig",0.549750891680639
"PC(40:4)",0.397784241602082,"non-sig",0.46344155742847
"PC(40:4)",0.481143558116599,"non-sig",0.42712839779952
"SM(44:3)",1.25525371718066,"non-sig",0.860120913598763
"PC(40:3)",0.0241629635445229,"non-sig",0.0114410431213845
"SM(44:2)",1.14177093729824,"non-sig",0.906578314837765
"PC(40:2)",-0.723016389444869,"non-sig",0.421360790031928
"PI(38:4)",0.622852988029276,"non-sig",0.339134521996131
"SM(44:1)",0.744576915107608,"non-sig",0.555955204081924
"FA(17:0)",0.868375577132042,"non-sig",0.87942606879415
"HexCer(42:1)",-1.52933281868491,"non-sig",0.876148359032914
"PC(O-42:7)",-0.369911644902956,"non-sig",0.191789027075778
"PC(40:0)",-0.440074161406443,"non-sig",0.278189384787453
"HexCer(42:0)",-1.59620254204806,"non-sig",1.19791074211827
"PI(40:8)",1.36390056173619,"non-sig",1.02410886359821
"PC(41:6)",0.267575605503747,"non-sig",0.220403508742175
"PC(O-42:6)",-0.707129995031828,"non-sig",0.393618634889395
"PC(O-42:6)",-0.29078475533402,"non-sig",0.20551195334083
"PI(40:7)",1.71561452993188,"PI",1.53313237964589
"PC(O-42:5)",-0.620127774582247,"non-sig",0.349692476868064
"PI(40:6)",-0.312902996643267,"non-sig",0.187755303199631
"SHexCer(43:6)",0.359553870864257,"non-sig",0.308918507877032
"PC(O-42:4)",-0.736859303117448,"non-sig",0.336299074610352
"PI(40:5)",-0.870669647907086,"non-sig",0.677780705266081
"PI(40:5)",0.181252108811563,"non-sig",0.198596289982645
"PC(42:10)",-0.194545407870411,"non-sig",0.178486471595227
"PC(O-42:3)",-0.591038054562734,"non-sig",0.287350298372789
"PI(40:4)",0.2255476262252,"non-sig",0.139661993429006
"PI(40:4)",-0.243673775428665,"non-sig",0.219682687859849
"PC(42:9)",0.771092590567442,"non-sig",0.812479279163537
"PC(41:2)",-0.937829322818214,"non-sig",0.609064892896621
"PC(O-42:2)",-0.522411800486822,"non-sig",0.24184537803261
"PC(42:8)",1.57698136521679,"PC",1.41116827440579
"FA(16:0)",0.888200642981328,"non-sig",0.701146923590293
"Hex2Cer(34:2)",0.1325928795614,"non-sig",0.0486624812040823
"PC(42:7)",0.785835750781427,"non-sig",0.730487055782084
"PC(42:6)",0.0562426654117019,"non-sig",0.0268721464003014
"PC(42:5)",0.733684898679414,"non-sig",0.462180904926726
"DLCL(36:4)",2.49164874914365,"Other",1.49214412830417
"PC(42:4)",-0.813377661378293,"non-sig",0.562249437179612
"PC(42:4)",0.194113925261906,"non-sig",0.0996328713435297
"DLCL(36:3)",1.31342999582569,"non-sig",0.943095148663527
"PC(42:3)",-0.211740225474816,"non-sig",0.118615343229427
"PC(42:2)",-0.517709325467983,"non-sig",0.304518323509803
"PC(O-44:8)",-0.501624306081187,"non-sig",0.257274868695302
"PC(42:1)",0.0862964188161932,"non-sig",0.0501222959631252
"PC(O-44:7)",-0.529348824841527,"non-sig",0.30715308072277
"PC(O-44:6)",-0.255673046443565,"non-sig",0.151810883008601
"PC(O-44:6)",-0.347344281212955,"non-sig",0.133712660915805
"PC(O-44:5)",-0.470084737797531,"non-sig",0.255707016877324
"PC(O-44:4)",-0.447302062086482,"non-sig",0.188424994129407
"FA(18:4)",0.446831792911954,"non-sig",0.408935392973501
"PC(44:6)",-0.803280731796818,"non-sig",0.438898616350944
"PC(44:6)",-0.0238534797803389,"non-sig",0.0118871597316481
"FA(18:3)",-0.0240328843043969,"non-sig",0.0154726866562074
"PC(44:5)",-0.347232364553342,"non-sig",0.247951552180562
"PC(44:4)",-0.508180672634001,"non-sig",0.341988603342888
"PC(44:2)",-1.12264167149394,"non-sig",0.835647144215563
"FA(18:2)",0.7898224739474,"non-sig",0.97469413473523
"PC(46:7)",0.0360849934971199,"non-sig",0.0172766123314547
"PC(46:6)",-0.431281324382923,"non-sig",0.213248577854439
"PC(46:4)",-0.617951250696311,"non-sig",0.302770657240282
"Cer(66:14)",-1.72328018673344,"CER",1.31069114087638
"FA(18:1)",1.05101817129685,"non-sig",1.19586056766465
"Cer(68:16)",-0.698802147255812,"non-sig",0.469800301796918
"Cer(68:14)",-2.39156812729768,"non-sig",1.21681130892474
"SM(52:3)",0.064898778041421,"non-sig",0.0204516252959049
"Hex2Cer(42:2)",1.4268859979613,"non-sig",0.860120913598763
"Hex2Cer(42:1)",1.74509806173518,"non-sig",0.882728704344236
"FA(18:0)",0.640906438495175,"non-sig",0.667561540084395
"Hex3Cer(34:1)",0.2997520965021,"non-sig",0.161780778092374
"SM(56:2)",0.377464055155176,"non-sig",0.119186407719209
"SM(58:4)",0.78729600514929,"non-sig",0.440093374963888
"SM(58:3)",0.379287475335463,"non-sig",0.154901959985743
"SM(58:2)",0.117805510669182,"non-sig",0.048176964684088
"FA(16:1)",2.03600484637326,"FA",2.34198860334289
"SM(60:5)",0.252034537297003,"non-sig",0.102372908709559
"SM(60:4)",0.202192307873364,"non-sig",0.0963674839157623
"SM(60:3)",0.044930782598211,"non-sig",0.0177287669604316
"GM3(34:1)",-0.123773148239316,"non-sig",0.0644927341752872
"FA(19:4)",1.12689073765881,"non-sig",0.872895201635192
"FA(19:3)",1.27580401136536,"non-sig",0.96657624451305
"CL(72:8)",0.505103074934498,"non-sig",0.337242168318426
"FA(19:2)",1.40663817388138,"FA",1.3777859770337
"FA(18:2)",-1.06907761578002,"non-sig",0.742321425130815
"FA(19:1)",1.71259691370692,"FA",1.52724355068279
"FA(19:0)",0.783514618599664,"non-sig",0.632644078973981
"FA(20:5)",1.14090906140401,"non-sig",1.00921730819686
"FA(20:4)",0.903974820449509,"non-sig",0.767003889607846
"FA(20:3)",1.00358429949589,"non-sig",0.892790030352132
"FA(20:2)",1.49621487341594,"FA",1.38195190328791
"FA(20:1)",1.18348984974206,"non-sig",0.860120913598763
"FA(18:2)",-0.292554018553226,"non-sig",0.218963061378868
"FA(20:0)",0.333302302226343,"non-sig",0.266000713461613
"FA(20:5)",2.64191985713803,"non-sig",0.882728704344236
"FA(21:4)",0.808289823228446,"non-sig",0.54821356447571
"FA(20:4)",4.5928155374936,"Other",1.66554624884907
"FA(21:1)",1.1491592276071,"non-sig",0.774690718274137
"FA(21:0)",-0.0926305512806138,"non-sig",0.0565054840938974
"FA(22:6)",1.4035914207103,"non-sig",1.28903688100472
"FA(22:5)",1.17903401590159,"non-sig",0.913640169325252
"FA(22:5)",1.54313270333588,"FA",1.36653154442041
"FA(22:4)",1.5511606600393,"FA",1.33913452199613
"NATau(14:1)",3.88634253030218,"FA",1.37986394502624
"FA(22:3)",1.1693520495093,"non-sig",0.886056647693163
"FA(22:3)",1.09833756394464,"non-sig",1.00700490156866
"FA(20:4)",1.93494655696862,"non-sig",1.18775530319963
"FA(22:2)",1.80939738520503,"FA",1.35261702988538
"FA(22:1)",0.953100249264885,"non-sig",0.581698708680255
"FA(13:1)",1.54610758396326,"non-sig",0.896196279044043
"FA(22:0)",-0.334801293170859,"non-sig",0.283162276700476
"FA(20:1)",-0.610281752600699,"non-sig",0.559090917934782
"FA(22:6)",4.38472749898968,"FA",1.83863199776503
"FA(22:5)",1.34852657818666,"non-sig",1.04914854111145
"FA(23:1)",0.250157500127042,"non-sig",0.104577453960592
"FA(23:0)",-0.449938270496361,"non-sig",0.442492798094342
"FA(24:6)",1.02290524110532,"non-sig",0.954677021213343
"FA(24:5)",2.80046699290804,"FA",1.95078197732982
"FA(24:5)",0.917547309257095,"non-sig",0.602059991327962
"FA(24:4)",2.10623018100236,"FA",1.47366072261016
"FA(24:2)",1.67296893502364,"non-sig",0.790484985457369
"FA(24:1)",0.898637798646231,"non-sig",0.452225294612177
"FA(22:2)",-2.09553390259601,"non-sig",0.913640169325252
"FA(24:0)",-0.333201789921283,"non-sig",0.342944147142896
"FA(22:1)",-2.26046380455661,"Other",2.33348201944512
"FA(25:1)",0.35039978969224,"non-sig",0.155522824254319
"FA(25:0)",-0.776271359319505,"non-sig",0.630784142589857
"FA(26:6)",1.83348050770605,"FA",1.78251605578609
"FA(26:5)",1.21125270074376,"non-sig",0.826813731587726
"NATau(18:2)",1.62715536893941,"FA",1.59687947882418
"FA(26:4)",1.69416650923302,"non-sig",0.928117992693875
"NATau(18:1)",2.54075949614408,"FA",2.42250820016277
"NATau(18:0)",1.53920547369516,"non-sig",1.1765257708297
"FA(26:2)",1.22420212980122,"non-sig",0.688246138944246
"FA(26:1)",0.351004196230082,"non-sig",0.148130399270234
"FA(26:0)",-0.681637640027756,"non-sig",0.596879478824182
"ST(24:1)",0.511797303768024,"non-sig",0.0867160982395816
"FA(27:0)",-0.576903954187188,"non-sig",0.651695136951839
"NATau(20:4)",1.7260327260847,"FA",1.35556141053216
"FA(28:1)",-0.486268701851731,"non-sig",0.223298816011589
"FA(28:0)",-0.60617368490837,"non-sig",0.747146969020107
"FA(28:6)",0.949278741044932,"non-sig",0.508638306165727
"NATau(22:6)",2.97387718558655,"FA",2.02365002099673
"LPE(O-16:1)",1.05673033136841,"non-sig",0.924453038607469
"FA(29:0)",-1.14206864385175,"FA",1.3829996588791
"FA(30:1)",-1.54253005902629,"non-sig",0.856985199745905
"LPE(16:1)",0.368145965767241,"non-sig",0.368556230986828
"FA(30:0)",-1.3174874395951,"FA",1.66554624884907
"LPE(16:0)",-0.0712219591671932,"non-sig",0.039529222465701
"FA(31:1)",-2.80572383612341,"non-sig",0.962573502059376
"LPE(O-18:1)",0.764540535672673,"non-sig",0.518557371497695
"ST(27:1)",0.0710780584179744,"non-sig",0.0362121726544447
"LPE(17:0)",-0.2363568201683,"non-sig",0.166852888087215
"LPE(O-18:0)",-0.877350028299425,"non-sig",0.721246399047171
"ST(27:0)",-0.115971616176374,"non-sig",0.0496351456238769
"NATau(24:1)",0.194321016048185,"non-sig",0.0920514783877277
"LPE(18:3)",-1.25314011388091,"non-sig",1.17457388223218
"LPE(18:2)",-1.09957846766723,"non-sig",0.681936665037238
"ST(28:2)",-0.307331067310134,"non-sig",0.114638779968488
"FA(32:1)",-2.84795102879302,"FA",1.37059040089728
"LPE(18:1)",-0.34838288847979,"non-sig",0.272458742971444
"ST(28:1)",-0.245384539385061,"non-sig",0.114638779968488
"FA(32:0)",-2.30428556641724,"FA",1.92445303860747
"LPE(18:0)",-0.0987785225789004,"non-sig",0.0619809025237897
"LPE(18:1(d7))",0.327142889888588,"non-sig",0.251037138743839
"FA(34:9)",1.2079648861445,"non-sig",0.663540266151471
"ST(29:2)",-0.459707199743196,"non-sig",0.258060922270801
"ST(29:2)",-0.194792604314582,"non-sig",0.0798766737092761
"FA(33:1)",-3.05319150152123,"non-sig",1.28650945690606
"LPE(O-20:1)",0.416246928905462,"non-sig",0.266802734893431
"ST(29:1)",-0.576428168723414,"non-sig",0.298432014944073
"FA(33:0)",-1.94093525919151,"non-sig",1.18045606445813
"LPE(19:0)",-0.312635227044225,"non-sig",0.201349354554731
"LPE(O-20:0)",-0.826731014314195,"non-sig",0.636388020107856
"LPE(20:5)",-0.0667504994856785,"non-sig",0.0619809025237897
"LPE(20:4)",-0.746281659333224,"non-sig",0.801342913045577
"FA(34:3)",0.344830379315109,"non-sig",0.573488738635425
"LPE(20:3)",-0.823496537772321,"non-sig",0.72584215073632
"LPE(20:2)",-0.361104354000144,"non-sig",0.1791420105603
"FA(34:1)",-2.815196360873,"non-sig",1.14146280243036
"LPE(20:1)",-0.428308166096361,"non-sig",0.271646217978772
"LPG(18:2)",-0.248384518254426,"non-sig",0.157390760389438
"FA(34:0)",-1.8900195191992,"FA",1.41005039867429
"LPE(20:0)",-0.537045611668216,"non-sig",0.302770657240282
"LPG(18:1)",-0.198569559673153,"non-sig",0.0942041196321315
"FA(35:1)",-2.17868110438178,"non-sig",0.847711655616944
"LPE(O-22:1)",0.387527194163436,"non-sig",0.198596289982645
"LPE(O-22:0)",-0.28187912899816,"non-sig",0.172630726946175
"LPE(22:6)",-0.654244433541756,"non-sig",0.619788758288394
"LPS(18:0)",3.02939991349696,"Other",1.87614835903291
"LPE(22:5)",-1.1454141590943,"non-sig",1.20901152491118
"LPC(14:0)",-0.163312048665379,"non-sig",0.112945621949043
"LPE(22:4)",-0.180830920357405,"non-sig",0.137272471682025
"FA(14:1)",2.28324439130573,"FA",1.82102305270683
"FA(36:1)",-1.67156225680575,"non-sig",0.703334809738469
"Cer(34:1)",0.80485112059775,"non-sig",0.338187314462739
"LPC(15:0)",-0.460967677336093,"non-sig",0.416801226031377
"LPC(O-16:0)",0.103041157941064,"non-sig",0.0710923097560473
"LPS(20:4)",0.413069990698659,"non-sig",0.235823867609669
"FA(37:1)",-2.07285323695939,"non-sig",0.603800652904264
"FA(14:0)",0.41742514066334,"non-sig",0.321481620959886
"LPC(16:2)",0.382743358546904,"non-sig",0.325138859262188
"LPC(16:1)",0.147706757269336,"non-sig",0.135488918941608
"LPC(16:0)",-0.386238787192799,"non-sig",0.391473966422806
"Cer(34:0)",-0.168645432534461,"non-sig",0.0639892042847904
"SL(31:0)",-0.181503430731194,"non-sig",0.0680338852718274
"SL(31:0)",-0.550734445939412,"non-sig",0.236572006437063
"FA(38:1)",-1.2206824640699,"non-sig",0.595166283380062
"LPC(17:1)",-0.471116544480392,"non-sig",0.367542707815276
"LPC(O-18:1)",-0.153082040932716,"non-sig",0.120330794367946
"LPC(17:0)",-0.833508454863409,"non-sig",0.595166283380062
"LPC(O-18:0)",-0.152777121825803,"non-sig",0.115204636051019
"Cer(32:1)",1.11109081555513,"non-sig",0.496209316942819
"LPI(16:0)",0.756941407121936,"non-sig",0.688246138944246
"SL(32:0)",-0.361699285138016,"non-sig",0.173925197299174
"SL(32:0)",-0.208149959891983,"non-sig",0.0979971086492706
"LPC(18:3)",-1.2945330361999,"LPC",1.44490555142168
"LPC(18:2)",-1.35720014012335,"non-sig",1.0762380391713
"LPC(18:1)",-0.878238682522525,"non-sig",0.809668301829709
"LPC(18:0)",-0.605157088432165,"non-sig",0.543633966870957
"Cer(33:1)",0.42057016181208,"non-sig",0.145693958198919
"SL(32:1)",-0.419807350041417,"non-sig",0.190440285364732
"SL(32:1)",-0.0669200245326067,"non-sig",0.0231916626619338
"SL(33:0)",-0.484388307361975,"non-sig",0.223298816011589
"SL(32:0)",0.0378728711804364,"non-sig",0.0154726866562074
"SL(32:0)",0.00616353923413371,"non-sig",0.00217691925427455
"Cer(38:1)",1.48564213548511,"non-sig",0.416801226031377
"LPC(19:1)",-0.781904662599871,"non-sig",0.578396073130169
"Cer(34:2)",1.97673463820417,"CER",1.41793663708829
"LPI(18:2)",-1.22243214747359,"non-sig",1.1605219526258
"LPC(19:0)",-1.10783484755218,"non-sig",0.79317412396815
"LPC(O-20:0)",-0.895427479294668,"non-sig",0.625251653989896
"Cer(34:1)",0.757091720404091,"non-sig",0.31695296176115
"Cer(34:0)",-0.769554302162305,"non-sig",0.266802734893431
"LPI(18:0)",1.24327178585803,"non-sig",1.03058408764602
"LPC(20:5)",-1.80800246186666,"LPC",1.46980030179692
"LPC(20:4)",-1.76757338700491,"LPC",1.99139982823808
"SL(33:1)",-0.400591746086022,"non-sig",0.20690839982342
"SL(34:0)",-0.479623978123811,"non-sig",0.20551195334083
"SL(34:0)",-0.477759931307155,"non-sig",0.202732459169284
"LPC(20:3)",-2.86098151344552,"LPC",2.51712641639125
"SL(33:0)",-0.137720859257019,"non-sig",0.0570004066339595
"LPC(20:2)",-1.59091905329206,"non-sig",1.14752000636314
"LPC(20:1)",-0.744534150576381,"non-sig",0.494850021680094
"LPC(20:0)",-0.758103501613913,"non-sig",0.503070351926785
"Cer(34:0)",-0.277780626779506,"non-sig",0.108462542327436
"SL(34:1)",-0.53903801750576,"non-sig",0.258848401148215
"SL(34:1)",-0.473754797668754,"non-sig",0.236572006437063
"SL(34:0)",-0.197728483126447,"non-sig",0.0835460514500749
"SL(34:0)",-0.264773749365911,"non-sig",0.123205023799299
"LPI(20:4)",-0.491732479933393,"non-sig",0.480172006224281
"Cer(40:1)",0.439991628519206,"non-sig",0.134896025358872
"LPI(20:3)",-0.677691858982747,"non-sig",0.739928612014925
"LPC(O-22:1)",-0.837054313182573,"non-sig",0.707743928643524
"LPC(21:0)",-0.462706194678692,"non-sig",0.273272790973428
"LPC(O-22:0)",-0.267623919737385,"non-sig",0.1438755557577
"Cer(36:1)",1.62274934709247,"non-sig",0.657577319177794
"LPC(22:6)",-1.99525467611485,"non-sig",1.27572413039921
"FA(44:10)",-0.657516141026729,"non-sig",0.334419008982047
"LPC(22:5)",-2.27625266985421,"LPC",1.55752023093555
"LPC(22:4)",-2.06100748661787,"non-sig",1.22475374025976
"SL(35:1)",-0.720580536446843,"non-sig",0.350665141287858
"LPC(22:3)",-2.1383126386671,"LPC",1.58335949266172
"SL(35:0)",-0.355811489430302,"non-sig",0.157390760389438
"LPC(22:2)",-1.45125025844366,"non-sig",1.04817696468409
"Cer(41:1)",0.0275134434510349,"non-sig",0.00877392430750515
"FA(15:3)",-0.180504669908807,"non-sig",0.0809219076239261
"LPC(22:1)",-0.601843773671103,"non-sig",0.374687549038326
"LPC(22:0)",-0.130268500185412,"non-sig",0.0624821079826534
"Cer(37:1)",1.14139483814359,"non-sig",0.393618634889395
"Cer(40:0)",-0.385972557297627,"non-sig",0.161780778092374
"Cer(42:3)",0.26021990302554,"non-sig",0.0915149811213502
"Cer(42:2)",0.184393007943022,"non-sig",0.0644927341752872
"Cer(42:1)",0.398755176194641,"non-sig",0.154901959985743
"LPC(23:0)",-0.0591284740783919,"non-sig",0.0291883891274822
"Cer(38:1)",1.52343073808333,"non-sig",0.429457060118102
"Cer(41:0)",-0.69848583032725,"non-sig",0.236572006437063
"Cer(38:0)",1.44602628532395,"non-sig",0.384049948343599
"PE-Cer(34:1)",0.757489927950679,"non-sig",0.234331445240986
"LPC(24:2)",-0.440046569488064,"non-sig",0.281498311132726
"LPC(24:1)",-0.0836740504989599,"non-sig",0.0433514207947967
"Cer(42:1)",-1.22113085069734,"non-sig",0.560667306169737
"LPC(24:0)",0.00180086147653569,"non-sig",0.000869458712628891
"Cer(39:1)",0.0220922115037325,"non-sig",0.00612308505878879
"Cer(42:0)",-0.753949627959564,"non-sig",0.326058001365912
"Cer(39:0)",-0.396191687860068,"non-sig",0.133122185662501
"PE(O-32:3)",-1.51225389365926,"non-sig",0.714442690992226
"Cer(38:0)",-0.197081088030306,"non-sig",0.07727454200674
"PA(34:2)",0.255956910273671,"non-sig",0.147520006363144
"Cer(40:3)",1.02366863595165,"non-sig",0.3767507096021
"SM(28:1)",2.29509816944428,"non-sig",0.686132779630847
"Cer(40:2)",0.788996969373478,"non-sig",0.247183568811729
"Cer(40:2)",-0.465419998196207,"non-sig",0.142667503568732
"LPC(25:0)",0.00561192297159963,"non-sig",0.00261361560268669
"Cer(40:1)",0.414413918237972,"non-sig",0.1249387366083
"Cer(40:0)",-0.46747664106914,"non-sig",0.129596094720973
"FA(15:2)",-0.402738381530209,"non-sig",0.20690839982342
"Cer(39:0)",-0.167366662303454,"non-sig",0.0639892042847904
"PE(32:1)",0.510913448676771,"non-sig",0.375717904164332
"LPC(26:2)",-0.10916516944458,"non-sig",0.0619809025237897
"PE(32:0)",0.551955456704967,"non-sig",0.356547323513813
"LPC(26:1)",0.0224535461098938,"non-sig",0.0109953843014632
"Cer(41:2)",-0.467286089640705,"non-sig",0.167491087293764
"Cer(41:2)",-0.239346682424376,"non-sig",0.0793549985932124
"PE(O-34:5)",-1.88532178517666,"non-sig",1.06298389253519
"Cer(41:1)",0.0368670719767614,"non-sig",0.0123337350737254
"PE(O-34:4)",-2.0336460903795,"non-sig",1.1073489661227
"Cer(41:0)",-2.1120087234716,"non-sig",1.00833099262005
"PE(O-34:3)",-1.01530034339022,"non-sig",0.651695136951839
"HexCer(34:1)",0.516279442001153,"non-sig",0.322393047279507
"Cer(40:0)",-0.355633198589704,"non-sig",0.148130399270234
"PE(33:2)",0.826229230400976,"non-sig",0.355561410532161
"PE(O-34:2)",-0.0111898869018887,"non-sig",0.00656376950238827
"Cer(42:5)",2.62590527215254,"non-sig",0.614393726401688
"Cer(42:5)",2.65833982842063,"non-sig",0.605548319173784
"PE(O-34:1)",2.12396776058772,"PE",1.7594507517174
"PE(O-34:0)",-1.76632252863436,"non-sig",0.97469413473523
"Cer(42:3)",0.214247452781009,"non-sig",0.0777937225609836
"SM(30:1)",1.22426570357288,"non-sig",0.46344155742847
"FA(15:1)",-0.300702928201289,"non-sig",0.1890957193313
"Cer(42:2)",0.21217567762713,"non-sig",0.0746879085003505
"PE(O-35:5)",-0.774191430366923,"non-sig",0.27083521030723
"Cer(42:1)",0.44420535032388,"non-sig",0.180456064458131
"PE(15:0_18:1(d7))",0.539313508177884,"non-sig",0.498940737782249
"Cer(41:1)",-0.555656461209367,"non-sig",0.244887733604929
"Cer(42:0)",-0.939969633794217,"non-sig",0.380906669373257
"PE(34:3)",1.1302442646049,"non-sig",0.571865205971211
"PE(34:3)",2.35568465555714,"PE",2.13018179202067
"Cer(41:0)",-0.569112284614324,"non-sig",0.218963061378868
"PE(34:2)",0.996751644434863,"non-sig",0.818156412055227
"HexCer(34:1)",-0.737305774703731,"non-sig",0.294992040666664
"PE(34:1)",0.575195773580791,"non-sig",0.40340290437354
"PE(O-36:7)",-0.33970374793671,"non-sig",0.186419011431808
"PE(34:0)",-0.856700253465608,"non-sig",0.627087997029893
"SM(31:1)",0.387567692921053,"non-sig",0.140261433802853
"PE(O-36:6)",0.0729439448184834,"non-sig",0.0390538042661686
"PE(O-36:6)",-0.127795109792402,"non-sig",0.0343280287798933
"Cer(43:2)",0.499910036018505,"non-sig",0.198596289982645
"PE(O-36:5)",-0.23650062193007,"non-sig",0.161150909262745
"PE(O-36:5)",-1.3860062585558,"non-sig",0.764471553092451
"Cer(42:2)",-0.259232269188558,"non-sig",0.0931264652779296
"Cer(43:1)",0.856909461255903,"non-sig",0.51427857351842
"FA(15:0)",0.68610159622736,"non-sig",0.696803942579511
"Cer(42:1)",-1.17457615822636,"non-sig",0.518557371497695
"Cer(43:0)",-0.875270018550751,"non-sig",0.46344155742847
"PE(O-36:3)",-1.29998357487065,"non-sig",1.13430394008393
"Cer(42:0)",-0.727978467539785,"non-sig",0.326058001365912
"PE(35:2)",0.128657469683681,"non-sig",0.0574958938319193
"PE(O-36:2)",-2.07977832098421,"non-sig",1.26760624017703
"PE(O-36:1)",-1.68793076368826,"non-sig",0.97469413473523
"SM(32:2)",0.770704284678885,"non-sig",0.34008379993015
"PE(O-37:7)",0.575144450338474,"non-sig",0.180456064458131
"HexCer(34:0)",-1.13148145980709,"non-sig",0.744727494896694
"PE(O-36:0)",-1.71170193915952,"non-sig",0.565431095965801
"SM(32:1)",0.698726072144979,"non-sig",0.296708621881339
"PE(O-37:6)",-1.65206992720899,"non-sig",1.18575240426808
"Cer(44:2)",1.05418117211259,"non-sig",0.54821356447571
"SM(32:0)",1.53641477285214,"non-sig",0.489454989793388
"PE(36:5)",0.958153127335606,"non-sig",0.663540266151471
"PE(36:5)",0.878996140918218,"non-sig",0.84163750790475
"PE(O-37:5)",-0.435170313930485,"non-sig",0.249491605148654
"Cer(44:1)",0.608503914347938,"non-sig",0.387216143280265
"PE(36:4)",0.529687650633157,"non-sig",0.394694953858891
"PE(36:4)",1.48412503197666,"non-sig",0.950781977329818
"Cer(44:0)",-0.0467624716941195,"non-sig",0.0264103765727431
"FA(14:0)",0.761176162765022,"non-sig",0.679853713888946
"PE(36:3)",0.787807199937166,"non-sig",0.478861916295964
"PE(36:3)",1.04599778972551,"non-sig",1.0017406615763
"PG(15:0_18:1(d7))",0.588963458434275,"non-sig",0.410050398674292
"Cer(43:0)",-0.48198613110792,"non-sig",0.0915149811213502
"PE(36:2)",-0.0249739070616322,"non-sig",0.0145735259169983
"PE(O-37:2)",-1.76275157551291,"non-sig",0.950781977329818
"PE-Cer(40:1)",0.830755407204652,"non-sig",0.296708621881339
"PE(36:1)",-0.862907513182378,"non-sig",0.602059991327962
"HexCer(33:1)",0.881793293077152,"non-sig",0.300162274132754
"PE(O-37:1)",-1.48208513090415,"non-sig",0.712198270069774
"PG(34:2)",-1.3269196269987,"non-sig",1.08039897621589
"PE(O-38:7)",-0.655536258198257,"non-sig",0.443697499232713
"PE(O-38:7)",0.0604450945642512,"non-sig",0.0282604091122217
"PG(34:1)",-0.396702009552502,"non-sig",0.209714835966758
"SM(33:1)",0.0675276225314647,"non-sig",0.0287241512618947
"PE(37:6)",0.872369638144196,"non-sig",0.460923901207223
"PE(O-38:6)",-2.32414028851185,"PE",2.0195421077239
"PE(O-38:6)",0.0888473652285811,"non-sig",0.0530567293021746
"SM(32:1)",-0.486120592252465,"non-sig",0.291579099865287
"PE(37:5)",1.25053255682326,"non-sig",0.640164517660112
"PE(O-38:5)",-1.00372333231476,"non-sig",0.732828271596986
"PE(O-38:5)",-0.70894779154737,"non-sig",0.543633966870957
"PE(37:4)",0.841606530586578,"non-sig",0.735182176990464
"PE(O-38:4)",-1.50785938735502,"non-sig",1.00436480540245
"Cer(44:1)",-0.428443009818057,"non-sig",0.16304326294045
"PS(15:0_18:1(d7))",0.535106382812533,"non-sig",0.444905551421681
"PE(O-38:3)",-1.33360958924451,"non-sig",0.698970004336019
"PE(O-38:3)",-1.22977628788996,"non-sig",0.723538195826756
"HexCer(38:1)",1.17500312741956,"non-sig",0.43297363384094
"Cer(44:0)",-0.0854356053920569,"non-sig",0.0282604091122217
"PE(37:2)",-0.923173639958499,"non-sig",0.742321425130815
"HexCer(34:2)",3.01292118986124,"non-sig",0.749579997691106
"PE(O-38:2)",-1.62962664554659,"non-sig",0.767003889607846
"PS(34:2)",2.89319640886864,"Other",1.34486156518862
"PE(O-39:8)",1.18167608430442,"non-sig",0.473660722610156
"HexCer(34:1)",0.95250301545002,"non-sig",0.51427857351842
"PE(O-38:1)",-1.40460807765004,"non-sig",0.607303046740334
"SM(34:2)",0.281048383809928,"non-sig",0.157390760389438
"PE(38:7)",1.10267190521287,"non-sig",1.07675598136972
"PE(O-39:7)",-0.329097906097747,"non-sig",0.155522824254319
"HexCer(34:0)",0.396730409066848,"non-sig",0.233587152887601
"SM(34:1)",0.16949120048195,"non-sig",0.11690664142431
"PE(38:6)",1.49752977500175,"PE",1.43770713554353
"PE(38:6)",0.680665221020018,"non-sig",0.496209316942819
"PE(O-39:6)",-1.32498964090738,"non-sig",1.09799710864927
"SM(33:1)",-1.5118693468892,"SM",1.42829116819131
"SM(34:0)",0.406068684543904,"non-sig",0.440093374963888
"FA(16:4)",3.02192701430665,"FA",1.60380065290426
"PE(38:5)",0.97018210032785,"non-sig",1.04720755695591
"PC(30:0)",0.35448217717823,"non-sig",0.335358024443874
"PE(O-39:5)",-0.782247226430336,"non-sig",0.472370099128661
"PE(38:4)",0.801968993140175,"non-sig",0.785156151952302
"PE(O-39:4)",-1.37434786791694,"non-sig",0.747146969020107
"Cer(46:0)",-0.0399490108130571,"non-sig",0.0947439512515487
"DGGA(34:2)",0.472413412534735,"non-sig",0.504455662453552
"PE(38:3)",0.617897352522114,"non-sig",0.518557371497695
"PE(38:3)",0.564145593135567,"non-sig",0.459670525209126
"PG(36:4)",-1.30302614101529,"non-sig",0.838631997765025
"PG(36:4)",-0.395036062459869,"non-sig",0.277366077466188
"PE-Cer(42:2)",1.27128765310131,"non-sig",0.661543506395395
"PE(O-40:9)",0.417894268736202,"non-sig",0.224025668870631
"PE(38:2)",-0.557706332717313,"non-sig",0.370590400897281
"PE(O-39:2)",-1.51636934998543,"non-sig",0.756961951313706
"PE-Cer(42:1)",0.965264890878156,"non-sig",0.446116973356126
"PE(O-40:8)",0.00318657733797068,"non-sig",0.00174066157630127
"PC(O-32:3)",-1.5200010734088,"non-sig",1.1771783546969
"PE(38:1)",0.112802935519536,"non-sig",0.0506099933550872
"PG(36:2)",-0.499473279379018,"non-sig",0.325138859262188
"PG(36:2)",0.00499890874817766,"non-sig",0.00217691925427455
"PE(O-40:7)",-0.715126121681802,"non-sig",0.482804102050026
"HexCer(34:1)",-0.828539160308797,"non-sig",0.33161408331
"PG(36:1)",-0.120074808953529,"non-sig",0.07727454200674
"SM(34:2)",-0.14864104491663,"non-sig",0.0814454694497265
"FA(16:3)",1.65620707568191,"non-sig",1.09420411963213
"SM(35:1)",-0.107598233444055,"non-sig",0.0540392964224314
"SHexCer(34:2)",0.506750384291777,"non-sig",0.298432014944073
"PE(39:6)",0.918911825133414,"non-sig",0.665546248849069
"PE(O-40:6)",-1.6688818214444,"non-sig",0.939302159646388
"PC(O-32:1)",0.695990094183578,"non-sig",0.609064892896621
"SM(34:1)",-0.681195156205945,"non-sig",0.714442690992226
"PE(38:6)",1.53832707922508,"non-sig",0.847711655616944
"SHexCer(34:1)",-0.0340886430591496,"non-sig",0.0172766123314547
"PC(31:0)",-0.217475186874509,"non-sig",0.168770306132937
"PE(O-40:5)",-1.437193683226,"non-sig",0.835647144215563
"PE(O-40:5)",-1.0498368335447,"non-sig",0.575118363368933
"PC(O-32:0)",0.674938310418558,"non-sig",0.714442690992226
"PE(39:4)",0.473644193991458,"non-sig",0.31069114087638
"PE(O-40:4)",-1.73842557875065,"non-sig",0.818156412055227
"PE(O-40:4)",-1.30150463905264,"non-sig",0.679853713888946
"PS(36:4)",1.69070527595834,"non-sig",1.05354773498693
"PE(O-40:3)",-1.38060690511887,"non-sig",0.632644078973981
"PE(O-40:3)",-1.78700948350232,"non-sig",0.860120913598763
"HexCer(40:1)",0.0342214285941687,"non-sig",0.0109953843014632
"Cer(46:0)",0.212835389074979,"non-sig",0.247951552180562
"SM(36:4)",1.04227276156508,"non-sig",0.324221658325915
"PS(36:3)",2.8470162619728,"non-sig",1.16877030613294
"PE(O-40:2)",-1.47203358883998,"non-sig",0.623423042943488
"PE(O-40:2)",-1.42533346397347,"non-sig",0.600326278518962
"SM(36:3)",1.81460645035839,"non-sig",0.555955204081924
"FA(16:2)",1.45993518885842,"FA",1.30627305107635
"PE(40:8)",2.10140974817642,"PE",2.14752000636314
"PS(36:2)",2.74288985199845,"non-sig",1.26680273489343
"HexCer(36:1)",0.88209491588162,"non-sig",0.444905551421681
"PE(O-40:1)",-1.34443009889694,"non-sig",0.602059991327962
"SM(36:2)",0.557447172818922,"non-sig",0.228412519118745
"PE(40:7)",1.22977851073868,"non-sig",1.15676722190199
"PS(36:1)",3.57350739119595,"Other",1.32148162095989
"PC(32:2)",0.971212045144952,"non-sig",0.586700235918748
"PE(O-41:7)",-0.317728771619453,"non-sig",0.166215625343521
"SM(36:1)",0.346829691859931,"non-sig",0.188424994129407
"PE(40:6)",1.29359661620022,"non-sig",0.826813731587726
"PC(32:1)",0.820333489197914,"non-sig",1.03338901331807
"PE(O-41:6)",-1.268160438575,"non-sig",0.684029654543082
"DGGA(36:4)",1.04962691620961,"non-sig",0.30189945437661
"SM(36:0)",2.24498964170519,"non-sig",1.16430942850757
"PE(40:5)",1.16181188438354,"non-sig",1.02826040911222
"PC(32:0)",-0.0288168037439114,"non-sig",0.0222763947111523
"HexCer(34:0)",-1.25412261035536,"non-sig",0.818156412055227
"DGGA(36:3)",3.4987988419252,"non-sig",1.15864052954514
"PE(40:4)",0.204955783571659,"non-sig",0.10790539730952
"PE(40:4)",1.54433104974131,"PE",1.45222529461218
"PE(O-41:4)",-1.13854002233253,"non-sig",0.539102157243452
"PE(O-41:4)",-1.73157340650258,"non-sig",0.801342913045577
"PI-Cer(34:0)",1.62396920166867,"non-sig",0.554395796726402
"PE(O-41:3)",-1.53475881635733,"non-sig",0.647817481888638
"HexCer(41:1)",-0.0464427496588442,"non-sig",0.0172766123314547
"Cer(47:0)",0.00798195572413718,"non-sig",0.00700490156865849
"PG(38:4)",0.461113532904818,"non-sig",0.188424994129407
"PC(O-34:4)",-1.03158383780236,"non-sig",0.756961951313706
"FA(15:2)",2.99637363515181,"Other",1.95860731484178
"PC(33:3)",-0.864500249974547,"non-sig",0.642065152999546
"PE(O-42:8)",-0.575695628798911,"non-sig",0.322393047279507
"PC(O-34:3)",-1.46033536503209,"non-sig",1.22402566887063
"PC(33:2)",0.181453229460779,"non-sig",0.127843727251707
"PE(O-42:7)",-0.425691797315114,"non-sig",0.20690839982342
"FA(16:1)",1.1412534042409,"non-sig",1.04000516167158
"PC(O-34:2)",-0.734939964308293,"non-sig",0.677780705266081
"PC(O-34:2)",-0.361478077026881,"non-sig",0.276544327964814
"SM(37:1)",2.75164832077714,"non-sig",0.756961951313706
"PE(40:7)",-0.676793421024936,"non-sig",0.576754126063192
"PE(41:6)",0.585404776554949,"non-sig",0.408935392973501
"PC(33:1)",0.555564925067113,"non-sig",0.521433504406157
"PE(O-42:6)",-1.17129008035683,"non-sig",0.542118103266008
"PC(O-34:1)",0.168850557577262,"non-sig",0.106238237942057
"PS(38:6)",1.88804013282943,"Other",1.6458915608526
"PC(33:0)",-0.487486663074275,"non-sig",0.344861565188618
"PE(O-42:5)",-1.41335261734866,"non-sig",0.714442690992226
"PE(O-42:5)",-1.26969390765214,"non-sig",0.703334809738469
"PC(O-34:0)",0.19541805588598,"non-sig",0.141462802430361
"HexCer(42:3)",0.595225771828723,"non-sig",0.337242168318426
"PI(32:1)",-0.151174172368677,"non-sig",0.111259039317107
"PS(38:5)",1.49063404706785,"non-sig",0.701146923590293
"PE(O-42:4)",-1.68417778642059,"non-sig",0.730487055782084
"PE(O-42:4)",-1.06472961645361,"non-sig",0.496209316942819
"HexCer(42:2)",0.20011441178249,"non-sig",0.0767559813697235
"PI(32:0)",-2.14680730194727,"PI",2.14935376481693
"PE(42:10)",1.56098098875944,"non-sig",1.1511952989482
"PS(38:4)",2.00017694511313,"non-sig",1.0268721464003
"PE(O-42:3)",-1.4518403791044,"non-sig",0.625251653989896
"PE(O-42:3)",-1.40605897826806,"non-sig",0.703334809738469
"HexCer(42:1)",0.137898645638099,"non-sig",0.0570004066339595
"SM(38:4)",3.77889897928474,"non-sig",0.98296666070122
"PC(15:0_18:1(d7))",0.464814690299409,"non-sig",0.542118103266008
"PC(34:4)",1.48778785343617,"PC",1.76700388960785
"PC(34:4)",-0.353833344178199,"non-sig",0.224753740259764
"PE(O-42:2)",-1.25211155059146,"non-sig",0.54821356447571
"PE(O-42:2)",-1.55397894894918,"non-sig",0.568636235841013
"DGGA(38:7)",5.83166232583765,"Other",1.89619627904404
"PE(42:8)",3.19846649563983,"non-sig",1.26201267366657
"PC(34:3)",1.34336342416615,"PC",1.71444269099223
"PC(34:3)",0.376615815941648,"non-sig",0.375717904164332
"HexCer(38:1)",0.926040712642081,"non-sig",0.354577730650908
"SM(38:2)",0.90003145413818,"non-sig",0.542118103266008
"SM(38:2)",2.43366854582703,"non-sig",0.829738284605043
"PE(42:7)",1.47491510025883,"non-sig",1.12436006299583
"PC(34:2)",0.121364234967984,"non-sig",0.123782159408358
"HexCer(40:0)",-1.00163033590756,"non-sig",0.503070351926785
"SM(38:1)",1.76352524948687,"non-sig",0.87942606879415
"PC(34:1)",0.444827427037591,"non-sig",0.54515513999149
"PI(33:2)",-1.02744668031823,"non-sig",0.809668301829709
"PC(34:0)",-1.10975721946071,"non-sig",1.02410886359821
"FA(16:0)",0.755531040207014,"non-sig",0.876148359032914
"PC(O-36:5)",-1.00252664668557,"non-sig",0.892790030352132
"PC(35:4)",-0.248976482249969,"non-sig",0.237321436272564
"PC(O-36:4)",-0.237101163912332,"non-sig",0.1791420105603
"PI(15:0_18:1(d7))",0.507881364950709,"non-sig",0.39040559077478
"PC(35:3)",0.848858610924207,"non-sig",0.958607314841775
"PE(O-44:8)",-0.493977727675766,"non-sig",0.262012673666569
"PC(O-36:3)",0.840695161740825,"non-sig",0.761953896871205
"PC(O-36:3)",0.287748433390195,"non-sig",0.277366077466188
"HexCer(39:1)",-0.0921829969154722,"non-sig",0.0329202658555029
"SM(39:2)",1.87317471315938,"non-sig",1.07727454200674
"PS(40:8)",1.54946017739075,"non-sig",0.655607726314889
"PE(42:8)",-0.090871348957311,"non-sig",0.0746879085003505
"PC(34:3)",2.60529603838179,"PC",1.32330639037513
"PC(35:2)",-0.248967562752693,"non-sig",0.159893905543242
"PE(O-44:7)",-0.775990548941895,"non-sig",0.363512103646635
"PE(O-44:7)",-0.160427485502382,"non-sig",0.0680338852718274
"PC(O-36:2)",-1.13226108978724,"non-sig",0.752026733638193
"PI(34:3)",-0.364910827226932,"non-sig",0.26440110030182
"SM(39:1)",0.956898757520317,"non-sig",0.500312917381596
"PS(40:7)",1.60990961901821,"non-sig",0.838631997765025
"PC(34:2)",1.85554458245776,"non-sig",1.02136305161553
"PC(35:1)",0.331972991898056,"non-sig",0.275724130399211
"PE(O-44:6)",-0.907403541336905,"non-sig",0.411168274405793
"PC(O-36:1)",-0.856614182615242,"non-sig",0.511449283499556
"PI(34:2)",-0.558182052985931,"non-sig",0.522878745280338
"SM(40:7)",1.7157751643587,"non-sig",0.370590400897281
"SM(39:0)",1.31390320867239,"non-sig",0.517126416391246
"PS(40:6)",2.38667173036153,"Other",1.70333480973847
"PC(34:1)",0.444825628371159,"non-sig",0.267606240177031
"PE(O-44:5)",-1.21735455283969,"non-sig",0.518557371497695
"PC(O-36:0)",-0.967781783495397,"non-sig",0.598599459218456
"PI(34:1)",-0.878920537500697,"non-sig",0.782516055786094
"SM(40:6)",1.41427711205326,"non-sig",0.161150909262745
"PC(36:6)",1.02776739175935,"PC",1.30715308072277
"PC(36:6)",0.776344317102456,"non-sig",0.507239610973163
"PS(40:5)",2.76001630026279,"non-sig",0.853871964321762
"PE(O-44:4)",-0.889462378177733,"non-sig",0.388276691992658
"PI(34:0)",-1.58213988775582,"PI",1.38090666937326
"PC(36:5)",-0.120094872635786,"non-sig",0.0710923097560473
"PC(36:5)",0.55121221499234,"non-sig",0.42021640338319
"PC(36:5)",0.363243856538059,"non-sig",0.380906669373257
"DGGA(40:8)",3.80643616221631,"non-sig",1.18045606445813
"SM(40:4)",2.04845356248284,"non-sig",0.714442690992226
"PC(36:4)",-0.035068292206244,"non-sig",0.0400051616715838
"PC(36:4)",-0.319030655510137,"non-sig",0.299296282854981
"HexCer(40:2)",1.00916957012058,"non-sig",0.385102783966865
"DGGA(40:7)",4.2192156170626,"Other",1.52143350440616
"SM(40:3)",1.94346080099792,"non-sig",1.17457388223218
"PC(36:3)",-0.0585264830240995,"non-sig",0.0634862575211067
"PC(36:3)",0.0248989990683128,"non-sig",0.0222763947111523
"HexCer(42:1)",-1.37121379177786,"non-sig",0.752026733638193
"HexCer(40:1)",0.0603581629273897,"non-sig",0.0195421077238999
"PI(35:4)",-0.198341730923129,"non-sig",0.130181792020672
"PI(O-36:4)",-0.488101211101728,"non-sig",0.342944147142896
"SM(40:2)",3.94666298119699,"non-sig",1.0695604052333
"SM(40:2)",0.757374814455797,"non-sig",0.413412695328245
"PC(36:2)",-0.15606476897257,"non-sig",0.157390760389438
"HexCer(42:0)",-0.550649539347436,"non-sig",0.279014255846261
"PI(35:3)",1.34581439527263,"non-sig",0.991399828238082
"SM(40:1)",1.02907919125598,"non-sig",0.669586226650809
"PC(36:1)",0.0860172544603657,"non-sig",0.0670191780768018
"PI(35:2)",-1.24449808336765,"non-sig",0.98296666070122
"SM(40:0)",1.81344445345678,"non-sig",0.769551078621726
"PC(O-38:7)",-0.306229228396454,"non-sig",0.298432014944073
"PC(37:6)",0.632948861135873,"non-sig",0.447331783887807
"PC(O-38:6)",-0.388620388274447,"non-sig",0.303643611266668
"PC(O-38:6)",0.0760146853064931,"non-sig",0.0565054840938974
"PC(O-38:6)",-0.127814327990745,"non-sig",0.0925886392254138
"PC(37:5)",0.124526591182853,"non-sig",0.0963674839157623
"PC(O-38:5)",-0.653309220397784,"non-sig",0.450996737974212
"PS(42:10)",1.46699957878523,"non-sig",0.661543506395395
"PC(37:4)",0.000777332181883139,"non-sig",0.000434511774017692
"PC(O-38:4)",-0.164875785669398,"non-sig",0.111259039317107
"PC(O-38:4)",-0.513949265948423,"non-sig",0.348721986001856
"PC(O-38:4)",0.831523147385589,"non-sig",0.75448733218585
"HexCer(41:2)",0.0621848231430064,"non-sig",0.0245681914907371
"HexCer(41:2)",0.17100396545267,"non-sig",0.0830199526796178
"PI(36:5)",1.47893039529874,"non-sig",0.899629454882437
"PI(36:5)",0.792788324797531,"non-sig",0.647817481888638
"SM(41:3)",0.970864188915929,"non-sig",0.647817481888638
"PE(44:9)",-0.527561020771738,"non-sig",0.806875401645538
"PC(37:3)",-0.500884746180688,"non-sig",0.698970004336019
"PC(37:3)",0.0837702716383575,"non-sig",0.0660068361687577
"PE(O-46:8)",-0.279883071446118,"non-sig",0.122053048370812
"PC(O-38:3)",-0.518820336838658,"non-sig",0.324221658325915
"PC(O-38:3)",-0.961907117224246,"non-sig",0.581698708680255
"PC(O-38:3)",-0.395045080098406,"non-sig",0.224025668870631
"HexCer(41:1)",-0.0332320736288096,"non-sig",0.0127807700919951
"PI(36:4)",1.46844507434026,"non-sig",1.05700040663396
"PI(36:4)",0.135480606776337,"non-sig",0.122628654130226
"SM(41:2)",1.00520361429912,"non-sig",0.58838029403677
"SM(41:2)",0.508270478356298,"non-sig",0.300162274132754
"PC(37:2)",-0.905982578636287,"non-sig",0.694648630553376
"PE(O-46:7)",-0.789236979521981,"non-sig",0.365522729839268
"PC(O-38:2)",-1.32407203313185,"non-sig",0.812479279163537
"PI(36:3)",-0.212817980921823,"non-sig",0.169411331314856
"PI(36:3)",1.19850232985453,"non-sig",1.08460016478773
"SM(41:1)",0.921171112743835,"non-sig",0.651695136951839
"PC(37:1)",-0.327933054955565,"non-sig",0.20342566678957
"PC(O-38:1)",-1.10905860990767,"non-sig",0.570247719997592
"PI(36:2)",-1.37429286968882,"non-sig",1.01502287358451
"SM(42:7)",3.43021589686429,"non-sig",1.20411998265592
"SM(42:7)",3.63596944704519,"non-sig",1.08512818245995
"SM(41:0)",0.797342587824588,"non-sig",0.528708288941061
"PC(38:7)",0.327065705149309,"non-sig",0.243363891754152
"PC(38:7)",1.1627128309005,"PC",1.69897000433602
"PC(O-38:0)",-0.996918182590168,"non-sig",0.533132379645891
"DGGA(42:10)",5.22851805239142,"Other",2.03338901331807
"PI(36:1)",-2.30813757521648,"PI",2.00480370840282
"SM(42:6)",4.95969685496525,"non-sig",1.08407278830288
"PC(38:6)",0.466207511602391,"non-sig",0.600326278518962
"PC(38:6)",-0.447567531479404,"non-sig",0.493494967595128
"HexCer(42:4)",1.27972330386408,"non-sig",0.665546248849069
"SM(42:5)",3.51287201875237,"non-sig",0.950781977329818
"PC(38:5)",0.255458094047327,"non-sig",0.35261702988538
"PC(38:5)",0.242728019552086,"non-sig",0.243363891754152
"HexCer(42:3)",0.656528850897629,"non-sig",0.396855627379818
"PI(O-38:6)",-1.18108136522791,"non-sig",0.798602875679548
"SM(42:4)",0.99619698755604,"non-sig",0.630784142589857
"SM(42:4)",0.888009795735204,"non-sig",0.701146923590293
"PC(38:4)",-0.0805916929664576,"non-sig",0.0830199526796178
"PC(38:4)",0.14259672818438,"non-sig",0.138465589140962
"PC(38:4)",0.319203015478784,"non-sig",0.434152181326482
"HexCer(42:2)",0.311593314938708,"non-sig",0.134303940083929
"PI(37:5)",0.992037314232288,"non-sig",0.54515513999149
"SM(42:3)",0.944669324550603,"non-sig",0.777283528852417
"PC(38:3)",-0.0812102392876746,"non-sig",0.0752040042020878
"PC(38:3)",0.080622685955241,"non-sig",0.0685421293109949
"HexCer(42:1)",0.234546655244202,"non-sig",0.102372908709559
"PI(37:4)",0.326725884948122,"non-sig",0.212539525481585
"PI(O-38:4)",-0.981258710592851,"non-sig",0.442492798094342
"FA(17:2)",0.714519527896183,"non-sig",0.616184634019569
"SM(42:2)",0.900069169628548,"non-sig",0.705533773838407
"PC(38:2)",-0.462888911597563,"non-sig",0.326058001365912
"HexCer(42:0)",-0.158377206230519,"non-sig",0.0877779434675845
"PI(37:3)",0.502940777306964,"non-sig",0.30189945437661
"PI(37:3)",-0.161860914568898,"non-sig",0.0969100130080564
"ASG(29:1)",-1.06799194012239,"non-sig",0.860120913598763
"SM(42:1)",1.05435730762067,"non-sig",0.832682665251824
"SHexCer(40:3)",-0.030701758289716,"non-sig",0.0731432910503077
"PC(O-40:8)",0.0818129097703668,"non-sig",0.0550240915879521
"PC(38:1)",-0.444974954890732,"non-sig",0.410050398674292
"PI(37:2)",-1.98509920653997,"PI",1.90308998699194
"SM(42:0)",1.26833271378134,"non-sig",0.844663962534938
"PC(39:7)",0.553252936476024,"non-sig",0.610833915635468
"HexCer(40:0)",-1.47051962247587,"non-sig",0.950781977329818
"PI(36:2)",-0.715302776931555,"non-sig",0.373659632624958
"PC(39:6)",0.320466026322539,"non-sig",0.271646217978772
"PC(O-40:6)",-0.444058539969859,"non-sig",0.275724130399211
"PC(O-40:6)",-0.0968490936823798,"non-sig",0.0700704399154121
"PI(38:7)",2.57792981475258,"non-sig",0.882728704344236
"PC(39:5)",0.425662063983335,"non-sig",0.436518914605589
"PC(O-40:5)",-0.743136532320801,"non-sig",0.387216143280265
"PC(O-40:5)",0.0212640445722059,"non-sig",0.0141246426916063
"TG(50:5)",-1.25924459326999,"non-sig",0.614393726401688
"PC(41:6)",-3.47981899583484,"non-sig",0.43297363384094
"PC(O-42:6)",-2.73231115759071,"non-sig",1.14691047014813
"TG(50:2)",-2.17330367760712,"non-sig",0.943095148663527
"TG(O-51:2)",-2.11637839326394,"non-sig",1.26841123481326
"SM(43:2)",-0.637520406774282,"non-sig",0.413412695328245
"TG(50:4)",-0.751781576738583,"non-sig",0.473660722610156
"PI(34:3)",0.457601336753694,"non-sig",0.129596094720973
"PC(41:5)",-2.9985923183061,"non-sig",0.578396073130169
"PC(O-42:5)",-2.49878242491985,"non-sig",1.29929628285498
"TG(50:1)",-2.14625132138862,"non-sig",0.801342913045577
"TG(O-51:1)",-1.59795465797701,"non-sig",0.774690718274137
"SM(43:1)",-0.755855093510704,"non-sig",0.336299074610352
"TG(50:3)",-0.566043179892073,"non-sig",0.649751981665837
"PC(40:8)",-1.28847734783026,"non-sig",1.16494389827988
"PI(34:2)",-2.11006971848589,"non-sig",0.97469413473523
"PC(O-42:4)",-2.42245063391095,"non-sig",1.26921772433361
"CAR(12:0)",1.4706059106198,"non-sig",0.853871964321762
"TG(O-51:0)",-1.6059952692135,"non-sig",0.835647144215563
"TG(50:2)",-0.596542048910965,"non-sig",0.832682665251824
"PS(40:8)",-0.189726064260547,"non-sig",0.0366844886138887
"PC(40:7)",-0.530288715190494,"non-sig",0.54515513999149
"PC(42:10)",-1.8880608169049,"non-sig",0.667561540084395
"PC(O-42:3)",-2.47220542966541,"PC",1.32513885926219
"TG(50:1)",0.471825338092653,"non-sig",0.777283528852417
"PC(40:6)",0.233053146291063,"PC",1.42596873227228
"PC(42:9)",-0.810229786045895,"non-sig",0.349692476868064
"PC(O-42:2)",-2.334536394467,"non-sig",1.17198493577602
"TG(51:5)",-3.75835621132675,"TG",1.42481215507234
"TG(O-52:5)",-5.27603984207301,"TG",1.96257350205938
"TG(50:0)",-0.44672360301416,"non-sig",0.216096420727265
"PC(40:5)",-2.44649635634192,"non-sig",0.375717904164332
"PC(42:8)",0.322535017201162,"non-sig",0.305394801066431
"PE(P-46:7)",-1.98769378648836,"non-sig",1.1249387366083
"PC(O-42:1)",-2.08989273743127,"non-sig",1.19791074211827
"TG(51:4)",-3.14401983816053,"non-sig",1.21253952548158
"TG(O-52:4)",-3.72079343629127,"TG",2.68193666503724
"TG(51:6)",-1.59802994301529,"non-sig",0.484126156288321
"Hex2Cer(34:2)",-1.31293211514207,"non-sig",0.686132779630847
"PC(40:4)",-1.78684199596236,"non-sig",0.954677021213343
"PC(42:7)",-2.99344833437268,"non-sig",0.417936637088291
"TG(51:3)",-3.04534958922595,"non-sig",1.16304326294045
"TG(O-52:3)",-2.92260556499781,"TG",2.89619627904404
"TG(51:5)",-3.60935621957192,"TG",2.0301183562535
"PC(40:3)",-1.9277885865243,"PC",1.54821356447571
"PC(42:6)",-1.97990509405983,"non-sig",1.08777794346758
"TG(52:9)",2.21263891301359,"non-sig",0.94692155651658
"TG(50:3)",-4.2100702751092,"non-sig",0.860120913598763
"TG(51:2)",-3.19472028036364,"non-sig",1.21752737583371
"TG(O-52:2)",-3.30807098541589,"TG",1.79860287567955
"SM(44:2)",-0.441558544989817,"non-sig",0.224753740259764
"TG(51:4)",-2.19814421350998,"TG",1.30980391997149
"TG(O-52:4)",-2.86382038076174,"TG",1.86966623150499
"PI(35:3)",-0.432997917749674,"non-sig",0.101274818410506
"PC(40:2)",-2.44714770024188,"PC",1.51144928349956
"PC(42:5)",-1.74038544636164,"non-sig",1.0584885673656
"PC(O-43:5)",-2.54497865729894,"PC",1.40671393297954
"TG(52:8)",2.19154689100644,"non-sig",0.98296666070122
"TG(51:1)",-2.82593978212541,"non-sig",1.01010543628123
"TG(O-52:1)",-2.20113740394146,"non-sig",1.04191415147891
"TG(51:3)",-1.78739053900856,"non-sig",1.04866248120408
"DG(52:3)",0.227663800972522,"non-sig",0.121478204498793
"PI(35:2)",-2.97971232753295,"PI",1.58502665202918
"PC(40:1)",-0.599891044272869,"non-sig",0.293282217663241
"PC(42:4)",-2.91680716211674,"PC",1.35457773065091
"TG(52:7)",0.0306781775537068,"non-sig",0.0101054362812269
"TG(51:0)",-2.01425837444693,"non-sig",0.96657624451305
"TG(O-52:0)",-1.20286573873215,"non-sig",0.507239610973163
"TG(52:9)",2.33789788269116,"non-sig",1.05256627811295
"TG(51:2)",-2.20366591549019,"non-sig",1.15490195998574
"TG(O-52:2)",-2.65840251115327,"TG",1.70114692359029
"PC(42:3)",-2.1198031923246,"PC",1.39902710431325
"TG(52:6)",-1.72435887789737,"non-sig",0.619788758288394
"TG(52:8)",2.22476172352031,"non-sig",0.954677021213343
"NAE(20:4)",-1.03870850770208,"non-sig",0.636388020107856
"TG(51:1)",-2.01988342733489,"non-sig",1.01592296609717
"TG(O-52:1)",-1.7779043620663,"non-sig",0.939302159646388
"PC(41:6)",0.480949104826497,"non-sig",0.910094888560602
"PC(42:2)",-2.30352654675516,"non-sig",1.2298847052129
"TG(52:5)",-3.00658577947468,"non-sig",1.19314197048118
"TG(52:7)",0.219030814903327,"non-sig",0.0777937225609836
"TG(O-52:0)",-0.845108244331477,"non-sig",0.419075024324381
"PC(O-44:8)",-2.59176373004912,"non-sig",1.13253251214095
"PC(42:1)",-1.79142135506445,"non-sig",0.954677021213343
"TG(52:4)",-1.88405581787827,"non-sig",1.04963514562388
"TG(52:6)",-1.52168777633097,"non-sig",0.707743928643524
"PI(36:5)",-1.01304889872249,"non-sig",0.431798275933005
"PC(O-44:7)",-2.63483008311908,"non-sig",1.20411998265592
"TG(52:3)",-1.83059930567676,"non-sig",1.0301183562535
"TG(O-53:3)",-1.64929349355739,"non-sig",0.832682665251824
"TG(52:5)",-0.702117355787287,"non-sig",0.505845405981557
"PC(42:10)",-1.89810086230631,"non-sig",0.663540266151471
"PI(36:4)",-1.55405748621184,"non-sig",0.75448733218585
"PC(O-44:6)",-2.18697314854279,"non-sig",1.18708664335714
"TG(52:2)",-2.63210103703318,"non-sig",1.09258863922541
"TG(O-53:2)",-2.26928290369599,"non-sig",1.29670862188134
"TG(52:4)",0.184748205328013,"non-sig",1.12378215940836
"PC(44:12)",-1.60442286856935,"non-sig",0.663540266151471
"PI(36:3)",-0.600494088308157,"non-sig",0.231361898752386
"PC(O-44:5)",-2.29907192566593,"non-sig",1.24565166428898
"TG(52:1)",-3.03615703649439,"non-sig",0.886056647693163
"TG(O-53:1)",-1.55088426253471,"non-sig",0.806875401645538
"PI(36:5)",-0.859957867568511,"non-sig",0.415668775632469
"TG(52:3)",0.563647071432918,"TG",1.47886191629596
"PI(36:2)",-2.74972261075851,"PI",1.44977164694491
"PC(O-44:4)",-2.31608703295177,"non-sig",1.16494389827988
"TG(52:0)",-1.70540444131801,"non-sig",0.653647025549361
"TG(O-53:0)",-0.927940655914806,"non-sig",0.575118363368933
"PI(36:4)",-0.651580983198542,"non-sig",0.539102157243452
"TG(52:2)",-0.0103894976083154,"non-sig",0.0324520237811379
"TG(O-53:2)",-1.8489993903722,"non-sig",1.21824462534753
"PI(36:1)",-1.86232677817145,"PI",2.13786862068696
"PC(O-44:3)",-1.9699863595146,"non-sig",1.08777794346758
"TG(53:6)",-3.07484282054345,"non-sig",1.2298847052129
"PI(36:3)",-0.335902418373756,"non-sig",0.164309428507574
"TG(52:1)",-1.37910429181038,"non-sig",0.595166283380062
"PC(42:6)",-1.83426179459501,"non-sig",1.05998184499234
"CAR(13:1)",1.48876362758866,"non-sig",0.896196279044043
"TG(O-54:5)",-1.34210422247937,"non-sig",0.787812395596042
"TG(52:0)",-1.17936445665346,"non-sig",0.537602002101044
"PC(42:5)",-0.985565870486898,"non-sig",0.540607512240769
"TG(53:4)",-2.29717316303402,"non-sig",1.03151705144606
"TG(O-54:4)",-3.82640078886967,"TG",2.33161408331
"TG(53:6)",-2.91772937023119,"TG",1.44129142946683
"CAR(13:0)",1.57558365679806,"non-sig",0.863279432843593
"PI(37:5)",-0.855773360711552,"non-sig",0.191114132640188
"PC(44:7)",-2.00564282518086,"PC",1.30980391997149
"PC(42:4)",-2.6977133292791,"PC",1.3829996588791
"TG(54:10)",2.13583447144063,"non-sig",0.958607314841775
"TG(53:3)",-2.8926916571101,"non-sig",1.09474395125155
"TG(O-54:3)",-3.1048326487837,"TG",1.59859945921846
"TG(53:5)",-1.79689971138388,"non-sig",1.20551195334083
"PI(37:4)",-1.32347369855054,"non-sig",0.829738284605043
"PC(42:3)",-1.9913722408244,"PC",1.38933983691012
"PC(44:6)",-2.66158819801711,"PC",1.39794000867204
"TG(54:9)",1.16908092009225,"non-sig",0.47755576649368
"TG(53:2)",-3.10049881458184,"non-sig",1.22548303427145
"TG(O-54:2)",-2.48926548889752,"TG",1.34678748622466
"TG(53:4)",-1.10226723558539,"non-sig",0.739928612014925
"TG(O-54:4)",-3.31771654837941,"TG",3.0695604052333
"PI(37:3)",-1.77667961915035,"PI",1.40340290437354
"PC(42:2)",-2.28112803181079,"non-sig",1.19654288435159
"PC(44:5)",-2.12651839527668,"non-sig",1.00656376950239
"TG(54:8)",-0.441470071120847,"non-sig",0.159266765388193
"TG(53:1)",-3.09389886540067,"non-sig",0.987162775294828
"TG(O-54:1)",-1.70470323252746,"non-sig",0.835647144215563
"TG(53:3)",-1.9124517891428,"non-sig",1.1518108830086
"TG(O-54:3)",-2.45011066580967,"TG",1.5003129173816
"PI(37:2)",-3.97140383841703,"PI",1.70996538863748
"PC(44:4)",-2.2423851443942,"non-sig",0.991399828238082
"TG(54:7)",-4.10743629397699,"TG",1.66354026615147
"TG(53:0)",-2.0037025648869,"TG",1.3585258894959
"TG(O-54:0)",-0.589032567738659,"non-sig",0.280668713016273
"PI(37:4)",-0.208683693162786,"non-sig",0.204119982655925
"TG(54:9)",1.27640899151064,"non-sig",0.575118363368933
"TG(53:2)",-2.29605320555925,"TG",1.44129142946683
"TG(O-54:2)",-2.04230709371772,"non-sig",1.18111458540599
"TG(54:6)",-2.74034833871114,"non-sig",1.21968268785985
"TG(54:8)",-0.389758608222639,"non-sig",0.151810883008601
"TG(53:1)",-2.5709117921619,"non-sig",0.863279432843593
"TG(54:5)",-1.67962676321982,"non-sig",0.954677021213343
"TG(54:7)",-2.80104386912335,"TG",1.45717457304082
"TG(O-54:0)",-0.473859356988513,"non-sig",0.251037138743839
"PI(38:6)",-1.65528958309149,"non-sig",0.795880017344075
"PC(O-46:8)",-1.91496644123254,"non-sig",0.97061622231479
"TG(54:4)",-1.39063243946738,"non-sig",0.826813731587726
"TG(54:6)",-0.583303457029441,"non-sig",0.769551078621726
"PI(38:5)",0.214738632471047,"non-sig",0.0695604052332999
"PC(O-46:7)",-1.94956428554933,"non-sig",1.12205304837081
"TG(55:10)",0.930753052062453,"non-sig",0.309803919971486
"TG(54:3)",-2.04538923565823,"non-sig",0.928117992693875
"TG(O-55:3)",-1.36468691790225,"non-sig",0.714442690992226
"TG(54:5)",0.149301843317463,"non-sig",0.335358024443874
"PI(38:4)",-0.76578761981137,"non-sig",0.98296666070122
"TG(55:9)",-0.071937474295364,"non-sig",0.0213630516155257
"TG(54:2)",-3.17093347561273,"non-sig",1.09963287134353
"TG(O-55:2)",-1.53108110717542,"non-sig",0.943095148663527
"PI(38:6)",-1.57450028141981,"non-sig",0.730487055782084
"TG(54:4)",0.0657562724610941,"non-sig",0.143271109617117
"DGGA(44:12)",3.08724013970021,"non-sig",1.25258819211358
"PI(38:3)",-1.95156787135539,"non-sig",1.0301183562535
"TG(55:8)",-1.54893947220204,"non-sig",0.581698708680255
"TG(O-56:8)",-1.86997549737459,"non-sig",1.00833099262005
"TG(54:1)",-3.25097323283106,"non-sig",1.01547268665621
"TG(O-55:1)",-1.10588609814503,"non-sig",0.643974142806877
"PI(38:5)",0.214198642475477,"non-sig",0.153662887870195
"TG(54:3)",-0.15528349921097,"non-sig",0.247183568811729
"TG(55:7)",-1.16587749331982,"non-sig",0.530177984021837
"TG(O-56:7)",-1.12584208080301,"non-sig",0.411168274405793
"TG(54:0)",-2.05917675268503,"non-sig",1.23433144524099
"TG(O-55:0)",-0.736462421324696,"non-sig",0.511449283499556
"PI(38:4)",0.230608617218209,"PI",1.44733178388781
"TG(54:2)",-1.63444231950833,"non-sig",0.889410289700751
"TG(54:7)",-2.26437650457019,"non-sig",0.492144128304169
"TG(55:6)",-1.61857539148511,"non-sig",0.752026733638193
"TG(O-56:6)",-1.08868462031914,"non-sig",0.346787486224656
"Cer(60:4)",-2.07418931977412,"non-sig",0.869666231504994
"PI(38:3)",-0.838915714696917,"PI",1.60730304674033
"TG(55:8)",-1.34772415260562,"non-sig",0.730487055782084
"TG(54:1)",-2.67069475365699,"non-sig",0.978810700930062
"TG(56:12)",1.82609868074993,"non-sig",0.774690718274137
"TG(54:6)",-7.17688082338378,"TG",2.72353819582676
"TG(55:5)",-1.52560786840862,"non-sig",1.00568284733036
"TG(O-56:5)",-0.917920115326933,"non-sig",0.412289034981089
"TG(56:11)",1.3680408461632,"non-sig",0.602059991327962
"TG(54:5)",-6.92760139517808,"TG",2.51427857351842
"TG(55:4)",-2.15241635331244,"non-sig",0.931814138253838
"TG(O-56:4)",-2.43891354545808,"non-sig",1.23957751657679
"TG(O-56:6)",-0.426508491839865,"non-sig",0.155522824254319
"PI(39:5)",0.670153215636454,"non-sig",0.254925208417942
"PC(44:4)",-2.27869820332436,"non-sig",1.1249387366083
"PC(46:7)",-2.22165043117935,"PC",1.43415218132648
"TG(55:3)",-2.47276906578995,"non-sig",1.11861534322943
"TG(O-56:3)",-2.210406923723,"non-sig",1.13076828026902
"PI(39:4)",-1.54026964612791,"non-sig",0.853871964321762
"TG(56:9)",-0.853967016348687,"non-sig",0.42021640338319
"TG(55:2)",-3.53581398313894,"TG",1.3045183235098
"TG(O-56:2)",-1.51592613187516,"non-sig",0.906578314837765
"TG(56:11)",1.46943995936937,"non-sig",0.698970004336019
"TG(55:4)",-1.43871469183408,"non-sig",0.950781977329818
"TG(O-56:4)",-1.92825576654766,"non-sig",1.06905096883248
"TG(56:8)",-1.09574077594412,"non-sig",0.415668775632469
"TG(55:1)",-3.54348942355604,"TG",1.38615817812393
"TG(O-56:1)",-1.05758881759747,"non-sig",0.586700235918748
"TG(56:10)",-0.980585879843581,"non-sig",0.411168274405793
"TG(55:3)",-1.74621433944464,"TG",1.77989191195995
"ST(27:1)",-0.234631926118581,"non-sig",0.171984935776023
"TG(56:7)",-1.02193889709539,"non-sig",0.557520230935551
"TG(55:0)",-1.98030317205169,"TG",2.43651891460559
"TG(O-56:0)",-0.291078291933598,"non-sig",0.137868620686963
"TG(56:9)",-0.761624331108976,"non-sig",0.546681659952962
"TG(55:2)",-2.97584049591523,"non-sig",1.18575240426808
"TG(O-56:2)",-1.28082041773021,"non-sig",0.749579997691106
"TG(56:6)",-1.35227230653299,"non-sig",0.712198270069774
"TG(56:8)",-0.22167535190842,"non-sig",0.213958789757446
"PI(40:7)",-0.238108624083296,"non-sig",0.0767559813697235
"TG(56:5)",-1.72802036559823,"non-sig",1.02227639471115
"TG(56:7)",0.146102303242088,"non-sig",0.309803919971486
"PI(40:6)",-1.89689755264956,"non-sig",1
"TG(56:4)",-1.72066167240819,"non-sig",1.01010543628123
"CAR(14:1)",1.99301251094817,"non-sig",1.13667713987954
"TG(56:6)",-0.373607809743774,"non-sig",0.462180904926726
"PI(40:5)",-0.461413795983827,"non-sig",0.413412695328245
"TG(57:10)",-1.17237860181048,"non-sig",0.429457060118102
"TG(54:5)",-2.89529843740436,"non-sig",0.492144128304169
"TG(56:3)",-2.67441822739622,"non-sig",1.18111458540599
"TG(O-57:3)",-1.11429434152112,"non-sig",0.58838029403677
"TG(57:12)",1.00511775625334,"non-sig",0.287350298372789
"TG(56:5)",-1.01925873407156,"non-sig",0.468521082957745
"PI(40:4)",-0.69308814297813,"non-sig",0.735182176990464
"TG(57:9)",-0.973355591328396,"non-sig",0.364516253185088
"TG(54:4)",-1.74854764986165,"non-sig",0.52432881167557
"TG(56:2)",-3.46148192126142,"TG",1.33441900898205
"TG(O-57:2)",-0.990447883007569,"non-sig",0.596879478824182
"PI(40:6)",-1.06847444443613,"PI",1.32148162095989
"TG(56:4)",-0.915151786343532,"TG",2.16941133131486
"TG(57:8)",-1.41813255419569,"non-sig",0.552841968657781
"TG(O-58:8)",-0.642695521889703,"non-sig",0.222573177610689
"TG(56:1)",-4.11027540993604,"TG",1.66756154008439
"TG(O-57:1)",-0.816511559583027,"non-sig",0.527243550682788
"TG(56:3)",-1.27115381445376,"non-sig",0.978810700930062
"TG(57:7)",-1.00021639330236,"non-sig",0.494850021680094
"TG(O-58:7)",-1.04972669608156,"non-sig",0.337242168318426
"TG(56:0)",-2.45051410520795,"TG",2.52724355068279
"CAR(14:0)",2.17539383407362,"non-sig",1.04383156952464
"TG(56:2)",-2.88432976042709,"TG",1.35654732351381
"TG(58:13)",2.32938796240711,"non-sig",1.05207638016827
"TG(57:6)",-1.03841009221541,"non-sig",0.554395796726402
"TG(O-58:6)",-0.483131008132627,"non-sig",0.155522824254319
"TG(56:1)",-3.91845068164999,"TG",1.59859945921846
"TG(58:12)",-0.0464188171782887,"non-sig",0.0154726866562074
"TG(56:6)",-7.12604889073817,"TG",2.41116827440579
"TG(O-58:5)",-0.152677951606066,"non-sig",0.0624821079826534
"SM(50:2)",-1.5937021900782,"non-sig",0.747146969020107
"TG(58:11)",0.197817569139168,"non-sig",0.0665127121512946
"TG(57:4)",-2.70378729042286,"TG",1.56224943717961
"TG(O-58:4)",-1.70688618227441,"non-sig",0.903089986991944
"TG(O-58:6)",0.136058566793501,"non-sig",0.0486624812040823
"TG(58:10)",-0.21856480148486,"non-sig",0.073657553374345
"TG(57:3)",-3.58383544238175,"TG",1.51004152057517
"TG(O-58:3)",-1.55948979921458,"non-sig",0.832682665251824
"TG(58:12)",0.00259046425770748,"non-sig",0.000869458712628891
"TG(O-58:5)",0.273373869841222,"non-sig",0.123205023799299
"TG(58:9)",-0.551831835447796,"non-sig",0.230622673923862
"TG(57:2)",-4.36189391049316,"TG",1.83863199776503
"TG(O-58:2)",-0.907607240208563,"non-sig",0.512861624522813
"TG(58:11)",0.149280745666083,"non-sig",0.0655015487564323
"TG(58:8)",-0.872092340323185,"non-sig",0.366531544420413
"TG(O-58:1)",-0.587215038066816,"non-sig",0.311580177997289
"TG(58:10)",0.153106568202851,"non-sig",0.0979971086492706
"TG(57:3)",-2.91211679624837,"TG",1.39685562737982
"TG(58:7)",-0.362686511379806,"non-sig",0.208309350979882
"TG(58:9)",0.517887176398997,"non-sig",0.552841968657781
"TG(57:2)",-4.04960334628239,"TG",1.65560772631489
"TG(O-58:2)",-0.810668421215166,"non-sig",0.530177984021837
"TG(58:6)",-1.40717830559409,"non-sig",0.694648630553376
"TG(58:8)",0.619764185787506,"non-sig",0.605548319173784
"TG(O-58:1)",-0.469213962666512,"non-sig",0.277366077466188
"TG(58:5)",-2.01223018338164,"non-sig",1.03479829897409
"TG(59:11)",-0.498593014444555,"non-sig",0.17979854051436
"TG(58:4)",-2.16573995611643,"non-sig",1.09799710864927
"TG(58:6)",-1.01668648101493,"non-sig",0.732828271596986
"TG(59:10)",-0.92538368039698,"non-sig",0.407823242604133
"TG(58:3)",-2.99131212877292,"TG",1.36051351073141
"TG(O-59:3)",-0.878553886136935,"non-sig",0.52432881167557
"TG(58:5)",-0.771816469178564,"non-sig",0.692503962086787
"TG(59:9)",-0.401114470496942,"non-sig",0.150580586203101
"TG(58:2)",-4.15806098591532,"TG",1.78781239559604
"TG(O-59:2)",-0.976651724196184,"non-sig",0.571865205971211
"TG(58:4)",-1.52884568464077,"TG",1.70333480973847
"TG(59:8)",-0.538947549160447,"non-sig",0.197226274708024
"TG(O-60:8)",-0.640074557750502,"non-sig",0.236572006437063
"TG(58:1)",-4.24748091432839,"TG",2.14508697769214
"TG(58:3)",-2.43711719688899,"TG",1.38933983691012
"TG(60:14)",0.499866003574233,"non-sig",0.187086643357144
"CAR(15:2)",0.853649411533876,"non-sig",0.35261702988538
"TG(O-60:7)",-0.608458090930007,"non-sig",0.223298816011589
"TG(58:0)",-1.85935009803539,"TG",2.73282827159699
"TG(58:2)",-3.78858165373913,"TG",1.80410034759077
"TG(59:6)",-1.95350430360136,"non-sig",0.860120913598763
"TG(O-60:6)",-0.0181251423435569,"non-sig",0.00612308505878879
"SM(52:3)",-1.74478090967238,"non-sig",0.939302159646388
"TG(58:1)",-4.42462776970934,"TG",2.10182351650232
"TG(60:12)",0.76797905396101,"non-sig",0.267606240177031
"TG(59:5)",-3.57719934775638,"TG",1.40230481407449
"TG(O-60:5)",0.210458606074358,"non-sig",0.0996328713435297
"TG(60:11)",-0.0451471115000039,"non-sig",0.0136762229492347
"CAR(15:1)",1.56229883596118,"non-sig",0.75448733218585
"TG(60:13)",0.66184086048737,"non-sig",0.269217724333611
"TG(60:10)",-0.458491339141592,"non-sig",0.211831628858832
"TG(59:3)",-4.5266242671551,"TG",1.71669877129645
"TG(O-60:3)",-0.908888209714778,"non-sig",0.546681659952962
"TG(60:12)",0.638467652579585,"non-sig",0.384049948343599
"TG(60:9)",-0.701921837014527,"non-sig",0.314258261397736
"TG(59:2)",-4.57791332451151,"TG",1.69464863055338
"TG(O-60:2)",-0.66564796114227,"non-sig",0.346787486224656
"TG(60:11)",0.799984055211642,"non-sig",0.525783735923745
"TG(60:8)",-1.05928734200275,"non-sig",0.655607726314889
"TG(O-60:1)",-0.638526219632578,"non-sig",0.360513510731414
"TG(60:10)",0.394340269892655,"non-sig",0.300162274132754
"CAR(15:0)",1.73598062920301,"non-sig",0.928117992693875
"TG(60:7)",-0.713391317426883,"non-sig",0.381951903287907
"TG(60:9)",0.886722291412923,"non-sig",0.920818753952375
"TG(O-60:2)",-0.672469712301623,"non-sig",0.416801226031377
"TG(60:6)",-1.46383303353172,"non-sig",0.669586226650809
"TG(60:5)",-2.91623969792347,"non-sig",1.2335871528876
"TG(60:7)",-0.0727906772745399,"non-sig",0.0491485411114536
"TG(60:4)",-3.06841441229844,"TG",1.40230481407449
"TG(60:3)",-4.29472776826015,"TG",1.83863199776503
"TG(60:5)",-1.94195160230565,"non-sig",1.12842706445412
"TG(62:16)",1.6622467778335,"non-sig",0.752026733638193
"TG(60:2)",-4.31510673582887,"TG",1.92811799269387
"TG(60:4)",-2.89205458654711,"TG",1.81815641205523
"TG(62:15)",1.59720886927412,"non-sig",0.610833915635468
"TG(O-62:8)",0.0827763796107241,"non-sig",0.0343280287798933
"TG(60:1)",-4.04435229155356,"TG",2.08354605145007
"TG(60:3)",-3.97597498014514,"TG",1.85078088734462
"TG(62:14)",1.23357336238343,"non-sig",0.408935392973501
"TG(61:7)",-1.89801920296213,"non-sig",0.735182176990464
"TG(O-62:7)",-0.269479208345089,"non-sig",0.100179497572904
"TG(60:2)",-4.25749634507057,"TG",1.82102305270683
"TG(62:13)",0.495065747157238,"non-sig",0.146301788223826
"TG(O-62:6)",0.111339017948058,"non-sig",0.0472075569559079
"TG(62:15)",1.66599122495115,"non-sig",0.651695136951839
"TG(62:12)",-0.16865062692823,"non-sig",0.058488567365597
"TG(61:5)",-4.21752185769312,"TG",1.48280410205003
"TG(62:14)",1.10727926042328,"non-sig",0.46344155742847
"TG(61:4)",-5.16425000686682,"TG",2.00656376950239
"TG(62:13)",0.75397438973258,"non-sig",0.341035157335565
"TG(62:10)",-1.39112387884865,"non-sig",0.575118363368933
"TG(61:3)",-5.29047143273075,"TG",2.0195421077239
"TG(O-62:3)",-0.922513220980129,"non-sig",0.602059991327962
"TG(62:12)",-0.105557552458013,"non-sig",0.0472075569559079
"TG(62:9)",0.0166315918264068,"non-sig",0.00744648216786438
"TG(61:2)",-4.5628349989825,"TG",2.02733440773389
"TG(O-62:2)",-1.46604204637995,"non-sig",0.628932137728264
"TG(62:8)",-0.712832941052234,"non-sig",0.393618634889395
"CAR(16:4)",1.85363276309095,"non-sig",1.04191415147891
"TG(62:7)",-0.386248410087926,"non-sig",0.277366077466188
"TG(62:6)",-4.11182790119573,"non-sig",0.723538195826756
"TG(62:5)",-3.03494462571765,"TG",1.32790214206428
"TG(62:4)",-4.17830483162081,"TG",1.73754891026957
"TG(64:17)",2.33559087094006,"non-sig",0.978810700930062
"CAR(16:3)",2.10820971702853,"FA",1.30803489723264
"TG(62:3)",-4.99235530935386,"TG",2.11918640771921
"TG(64:16)",1.98363636685878,"non-sig",0.643974142806877
"TG(62:2)",-4.64796224303513,"TG",2.09745322068601
"TG(64:15)",0.610777443216417,"non-sig",0.218244625347531
"TG(O-64:8)",0.166431650629711,"non-sig",0.0819696632151199
"TG(64:17)",2.50804296696414,"non-sig",1.06600683616876
"TG(64:14)",-0.166457871185479,"non-sig",0.0491485411114536
"TG(64:16)",2.30975383930388,"non-sig",0.847711655616944
"CAR(16:2)",2.65741709622319,"non-sig",1.29843201494407
"TG(64:13)",-0.613025472140755,"non-sig",0.193820026016113
"TG(64:15)",0.500743580274641,"non-sig",0.191789027075778
"TG(64:12)",0.530693832007266,"non-sig",0.153044674980176
"TG(64:14)",1.27225953056502,"non-sig",0.570247719997592
"SM(56:2)",-1.24122658156703,"non-sig",0.448550002027125
"TG(64:10)",-0.0384044852423813,"non-sig",0.0105501823333082
"TG(63:3)",-5.65709469190343,"TG",1.66354026615147
"TG(64:9)",-1.17337622324767,"non-sig",0.437707135543525
"CAR(16:1)",2.51815465219378,"non-sig",1.1007268126824
"TG(66:17)",1.08186752008355,"non-sig",0.384049948343599
"TG(64:3)",-3.54957523117445,"non-sig",1
"TG(66:16)",0.991550493585834,"non-sig",0.296708621881339
"SM(58:4)",-1.34797124250661,"non-sig",0.906578314837765
"SM(58:3)",-1.24452200510635,"non-sig",0.75448733218585
"CAR(16:0)",1.74442039959943,"non-sig",0.847711655616944
"SM(58:2)",-1.26788563976276,"non-sig",0.536107011014093
"TG(68:18)",1.08354761070975,"non-sig",0.354577730650908
"TG(66:3)",-5.76353714245582,"TG",1.48678239993206
"SM(60:5)",-1.31882111643205,"non-sig",0.675717544702307
"SM(60:4)",-1.15432293607057,"non-sig",0.690369832574101
"SM(60:3)",-1.2974233819605,"non-sig",0.707743928643524
"SM(60:2)",-1.77811347065002,"non-sig",0.856985199745905
"TG(68:5)",-6.37737427105029,"TG",1.95078197732982
"TG(68:4)",-6.06599064129401,"TG",1.51855737149769
"TG(68:3)",-5.59209691624937,"TG",1.31425826139774
"TG(70:5)",-6.01147361941132,"TG",1.54363396687096
"TG(68:5)",-2.70974442827943,"non-sig",1.02733440773389
"TG(68:4)",-4.68748038535141,"TG",1.88272870434424
"TG(68:3)",-4.83173654339443,"TG",1.88605664769316
"CAR(17:1)",1.83496033862923,"non-sig",0.892790030352132
"TG(70:6)",-5.10866991842926,"TG",1.65757731917779
"TG(70:5)",-4.95020602357765,"TG",1.85387196432176
"TG(70:4)",-4.69590883659736,"TG",1.97469413473523
"CAR(17:0)",0.84814187359536,"non-sig",0.46344155742847
"TG(72:8)",-5.00276524283638,"TG",1.51427857351842
"TG(72:6)",-4.62947794273751,"TG",1.85698519974591
"TG(72:5)",-4.69170984529065,"TG",1.96257350205938
"CAR(18:4)",1.54260450449243,"non-sig",0.774690718274137
"CAR(18:3)",0.902370335807635,"non-sig",0.52432881167557
"CAR(18:2)",1.83821959400774,"non-sig",0.939302159646388
"CAR(18:1)",1.96587335369485,"non-sig",0.97469413473523
"CAR(18:0)",0.462631604123786,"non-sig",0.231361898752386
"CAR(19:2)",1.76596960652887,"non-sig",0.681936665037238
"CAR(19:1)",1.66417699649366,"non-sig",0.785156151952302
"CAR(19:0)",0.173631496205804,"non-sig",0.118045028660399
"CAR(20:5)",1.78155478673516,"non-sig",0.939302159646388
"CAR(20:4)",1.38495534606082,"non-sig",0.832682665251824
"CAR(20:3)",0.753225847774996,"non-sig",0.329754146925876
"LPE(16:1)",-1.19748835997264,"non-sig",0.522878745280338
"CAR(20:2)",0.447987885513164,"non-sig",0.22548303427145
"LPE(16:0)",-1.61039492777438,"non-sig",1.02594909720712
"LPC(O-14:0)",-1.78309201688609,"non-sig",0.764471553092451
"CAR(20:1)",0.8884030300737,"non-sig",0.465973893943865
"CAR(20:0)",0.376541042838582,"non-sig",0.161150909262745
"LPC(14:1/0:0)",-1.13299099174379,"non-sig",0.387216143280265
"LPE(O-18:1)",-1.0754804867221,"non-sig",0.393618634889395
"CAR(21:2)",2.56159707795763,"non-sig",0.707743928643524
"LPC(14:0/0:0)",-1.58443362480043,"non-sig",0.94692155651658
"LPE(17:0)",-1.73727325289971,"non-sig",0.987162775294828
"LPC(O-15:0)",-1.99731187834045,"non-sig",0.943095148663527
"CAR(21:0)",-0.0675686521128007,"non-sig",0.051587034221399
"CAR(22:6)",2.7173364847172,"non-sig",1.1765257708297
"LPC(15:3/0:0)",1.00026233129477,"non-sig",0.494850021680094
"CAR(22:4)",0.340377602748884,"non-sig",0.238824186844269
"LPE(18:2)",-2.05048207454812,"non-sig",1.14327110961712
"LPC(15:1/0:0)",-3.18827961990277,"LPC",1.93930215964639
"LPE(18:1)",-1.95503898727542,"non-sig",1.04817696468409
"CAR(22:2)",0.573565441437726,"non-sig",0.279840696594043
"LPE(18:0)",-1.80527937623467,"non-sig",0.924453038607469
"LPC(15:0/0:0)",-1.8282065706482,"non-sig",1.12901118623942
"LPC(O-16:0)",-1.40930415278165,"non-sig",0.692503962086787
"CAR(22:1)",0.603091659569678,"non-sig",0.260427655549908
"CAR(22:0)",-0.407718166148918,"non-sig",0.229147988357856
"IS:(LPE(18:1(d7))",-1.08969771283421,"non-sig",0.52432881167557
"LPC(14:0)",-1.5818038423842,"non-sig",1.17457388223218
"LPC(16:3/0:0)",-1.56523632869853,"non-sig",1.09799710864927
"LPC(16:2/0:0)",-0.975574544023399,"non-sig",0.570247719997592
"LPC(16:1/0:0)",-1.48734376330873,"non-sig",0.815308569182401
"LPE(O-20:1)",-1.34642468801492,"non-sig",0.511449283499556
"LPC(16:0/0:0)",-1.2836343703297,"non-sig",1.11690664142431
"LPC(O-17:0)",-1.66891111516266,"non-sig",1.17587416608345
"CAR(23:0)",-0.484985210285576,"non-sig",0.391473966422806
"LPE(20:4)",-1.17758627667595,"non-sig",0.378823718224965
"LPC(15:0)",-1.01595908539465,"non-sig",0.804100347590766
"LPE(20:3)",-2.02773896462447,"non-sig",1.06905096883248
"LPC(17:2/0:0)",-2.39446725691909,"non-sig",1.28650945690606
"LPC(O-18:2)",-1.98779145631796,"non-sig",0.987162775294828
"LPC(17:1/0:0)",-2.19755965557241,"LPC",1.31158017799729
"LPE(20:1)",-2.20176922058493,"LPE",1.63827216398241
"LPC(O-18:1)",-1.75118747276944,"non-sig",0.939302159646388
"CAR(24:2)",-0.478458023476847,"non-sig",0.277366077466188
"LPE(20:0)",-2.20003270199033,"non-sig",1.11747546204512
"LPC(17:0/0:0)",-2.48066025126907,"LPC",1.45469288353418
"LPC(O-18:0)",-2.17210451314257,"non-sig",1.04866248120408
"CAR(24:1)",-0.565126765192641,"non-sig",0.405607449624573
"CAR(24:0)",-1.07571713257528,"non-sig",0.71669877129645
"LPC(16:1)",-1.45813911450306,"non-sig",0.860120913598763
"LPC(18:4/0:0)",-1.8436290164311,"non-sig",1.07160414774329
"LPC(18:3/0:0)",-2.62727482030967,"non-sig",1.07211658966929
"LPC(18:2/0:0)",-2.03003114319765,"non-sig",1.25492520841794
"Cer(34:1)",-2.22754731207602,"non-sig",0.374687549038326
"LPC(18:1/0:0)",-2.25861591957222,"non-sig",1.24872089601666
"LPE(O-22:1)",-1.62969925944448,"non-sig",0.735182176990464
"LPC(18:0/0:0)",-1.88929241048367,"non-sig",1.16557929631847
"LPC(O-19:0)",-2.82141077780794,"non-sig",1.14813039927023
"LPE(22:6)",-1.76019507776553,"non-sig",0.838631997765025
"LPE(22:5)",-1.36060732181855,"non-sig",0.663540266151471
"IS:(LPC(18:1(d7))",-1.25216039829143,"non-sig",0.543633966870957
"IS:(LPC(18:1(d7))",-0.341411499960206,"non-sig",0.18309616062434
"LPC(17:0)",-2.42491053701244,"LPC",1.55752023093555
"CAR(4:0)",-1.61190798658575,"non-sig",1.1007268126824
"LPC(O-20:2)",-1.38079509660004,"non-sig",0.785156151952302
"LPC(19:1/0:0)",-2.40607862316589,"LPC",1.62893213772826
"LPC(O-20:1)",-2.99084262589652,"LPC",1.38933983691012
"CAR(26:2)",-1.73652456099926,"non-sig",0.812479279163537
"LPC(19:0/0:0)",-3.0976235315101,"LPC",1.87614835903291
"LPE(22:0)",-2.4921229606462,"non-sig",0.739928612014925
"LPC(O-20:0)",-2.6228352784986,"non-sig",1.28232949699774
"CAR(26:1)",-1.55511955969033,"non-sig",0.79317412396815
"Cer(34:1)",0.181895691527426,"non-sig",0.197910742118267
"LPC(18:3)",-2.64941859774515,"non-sig",1.1511952989482
"LPC(20:5/0:0)",-2.92713828487609,"LPC",1.57675412606319
"LPC(18:1)",-1.62285342255909,"non-sig",0.991399828238082
"LPC(20:4/0:0)",-2.98073349446317,"non-sig",1.2335871528876
"LPC(20:3/0:0)",-4.2295674749595,"LPC",1.96257350205938
"LPC(20:2/0:0)",-3.11325857785948,"LPC",2.51286162452281
"LPE(O-24:2)",-1.18015166208628,"non-sig",0.47755576649368
"Cer(36:1)",-0.0507552199465309,"non-sig",0.0132282657337552
"LPC(20:1/0:0)",-2.67024222011711,"LPC",2.31966448658544
"LPC(20:0/0:0)",-2.83831414357185,"LPC",1.83863199776503
"LPC(O-21:0)",-2.4964128811865,"non-sig",1.16557929631847
"Cer(34:0)",-1.66868489151866,"non-sig",0.995678626217357
"LPC(19:1)",-2.35444861530964,"LPC",1.64781748188864
"LPC(19:0)",-3.5523717204305,"LPC",2.06148027482351
"LPC(O-22:2)",-2.43614969256441,"non-sig",1.16557929631847
"SL(31:0)",-2.34205808354873,"non-sig",1.05551732784983
"LPC(20:5)",-3.03382999714204,"LPC",1.63078414258986
"LPC(21:1/0:0)",-3.04482442870096,"LPC",1.92081875395238
"LPC(O-22:1)",-2.52722105738744,"LPC",1.37263414340727
"LPC(20:4)",-2.52563192089941,"non-sig",1.1511952989482
"LPC(21:0/0:0)",-2.20930129047355,"LPC",1.36451625318509
"LPC(O-22:0)",-1.93185378315547,"non-sig",1.10568393731556
"Cer(36:1)",-0.113657979661525,"non-sig",0.0296531237699066
"LPC(20:3)",-4.34582446973856,"LPC",2.1944991418416
"LPC(22:6/0:0)",-3.1941059137161,"LPC",1.37059040089728
"LPC(20:2)",-3.19395126141005,"LPC",2.8153085691824
"LPC(22:5/0:0)",-3.52504499948979,"LPC",1.98296666070122
"LPC(20:1)",-2.77480866577605,"LPC",2.7281583934635
"LPC(22:4/0:0)",-3.44273318705807,"LPC",1.76955107862173
"LPC(20:0)",-2.52071358339846,"LPC",1.79048498545737
"LPC(22:3/0:0)",-3.94047569973314,"LPC",2.65560772631489
"LPC(22:2/0:0)",-3.19661574034918,"LPC",1.85078088734462
"SL(32:0)",-1.95985689826574,"non-sig",1.02594909720712
"Cer(38:1)",-0.607099470441618,"non-sig",0.184422251675733
"LPC(22:1/0:0)",-2.38718946513425,"LPC",1.70774392864352
"LPC(O-23:1)",-2.47916952547787,"non-sig",1.07314329105031
"LPC(22:0/0:0)",-1.95678618596267,"non-sig",1.20134935455473
"LPC(O-23:0)",-1.53719511214584,"non-sig",0.769551078621726
"Cer(37:1)",-1.03878768769787,"non-sig",0.348721986001856
"LPC(21:1)",-3.66467356145689,"non-sig",1.19044028536473
"CAR(5:0)",-0.156228756508106,"non-sig",0.308918507877032
"LPC(21:0)",-2.08981374245493,"LPC",1.32239304727951
"LPC(22:6)",-3.13101100792828,"LPC",1.44977164694491
"LPC(O-24:2)",-1.58389198738105,"non-sig",0.886056647693163
"SL(33:0)",-2.28342043074893,"non-sig",0.943095148663527
"Cer(39:1)",-1.93312728877468,"non-sig",0.815308569182401
"LPC(22:5)",-3.46940977819712,"LPC",2.26360349772336
"LPC(23:1/0:0)",-2.39498262088391,"LPC",1.36151074304536
"SL(32:0)",-1.65560192645858,"non-sig",0.866461091629782
"LPC(O-24:1)",-1.76926947458804,"non-sig",1.11238269966426
"DG(33:4)",-0.865962512013372,"non-sig",0.283162276700476
"LPC(23:0/0:0)",-1.76739938237966,"non-sig",1.05799194697769
"LPC(O-24:0)",-1.97180542838255,"non-sig",0.920818753952375
"Cer(38:1)",-0.676195021367562,"non-sig",0.1944991418416
"LPC(24:6/0:0)",-3.63294114402878,"LPC",1.75202673363819
"MG(34:2)",-3.47035785955186,"non-sig",1.25026368443094
"Cer(38:0)",-0.299280590631692,"non-sig",0.100726812682396
"LPC(22:2)",-3.78416951664608,"non-sig",0.96657624451305
"LPC(24:5/0:0)",-3.12962675909647,"LPC",1.90657831483776
"MG(34:1)",-3.38176886184153,"Other",1.32239304727951
"LPC(22:1)",-2.44242036497532,"LPC",1.81247927916354
"DG(O-34:0)",-2.84401028467269,"DG",1.89962945488244
"LPC(22:0)",-2.0045972607507,"non-sig",1.17198493577602
"LPC(24:3/0:0)",-4.16040385136211,"non-sig",1.23136189875239
"Cer(40:2)",-1.20630280054312,"non-sig",0.596879478824182
"LPC(24:2/0:0)",-2.50832803083145,"non-sig",1.03479829897409
"SL(33:1)",-2.01510191239041,"non-sig",0.962573502059376
"Cer(40:1)",-1.68208418515146,"non-sig",0.657577319177794
"IS:(DG(15:0_18:1(d7))",-1.47928786629333,"non-sig",0.542118103266008
"LPC(24:1/0:0)",-1.93379675111379,"non-sig",1.27984069659404
"SL(33:0)",-1.89626955298381,"non-sig",0.856985199745905
"DG(34:4)",0.514516886765374,"non-sig",0.168770306132937
"LPC(24:0/0:0)",-1.78049338439667,"non-sig",1.00788851221305
"DG(34:3)",-0.611725346693891,"non-sig",0.163675884293248
"Cer(39:1)",-1.97265068833043,"non-sig",0.801342913045577
"DG(34:2)",-1.76971424118943,"non-sig",0.671620396561262
"DG(34:1)",-2.15899459710748,"non-sig",0.847711655616944
"DG(34:0)",-1.39206858263958,"non-sig",0.386158178123931
"DG(34:2)",-1.3093230327836,"non-sig",0.489454989793388
"LPC(23:0)",-1.82916313376807,"non-sig",0.995678626217357
"DG(34:1)",-2.13387355492763,"non-sig",0.866461091629782
"TG(O-34:1)",-1.41443818286854,"non-sig",0.882728704344236
"SL(34:1)",-2.01611387477116,"non-sig",1.14996674231023
"Cer(41:1)",-1.81475751186339,"non-sig",0.886056647693163
"SM(28:1)",-0.132512996240767,"non-sig",0.0414361167780325
"DG(34:0)",-1.0882808605409,"non-sig",0.328827157284917
"TG(O-34:0)",-2.16589138843586,"non-sig",1.12842706445412
"LPC(25:1/0:0)",-2.17533089523972,"non-sig",1.0467236633327
"SL(34:0)",-1.69632838335986,"non-sig",0.954677021213343
"Cer(40:2)",-1.26961877856036,"non-sig",0.612610173661271
"LPC(25:0/0:0)",-1.99817183842726,"non-sig",0.79317412396815
"Cer(40:1)",-1.64103495217998,"non-sig",0.636388020107856
"DG(35:2)",-2.03082549702929,"non-sig",0.896196279044043
"DG(O-36:2)",-3.36079962393818,"DG",1.44490555142168
"Cer(40:0)",-2.28757424618022,"non-sig",1.03198428600636
"LPC(24:2)",-2.37734236046821,"non-sig",0.98296666070122
"DG(O-36:1)",-3.172979641721,"DG",1.51570016065321
"LPC(24:1)",-1.98690000013687,"non-sig",1.26760624017703
"LPC(26:4/0:0)",-1.86615953204342,"LPC",1.60906489289662
"Cer(42:3)",-1.96481294065157,"non-sig",0.87942606879415
"DG(O-36:0)",-1.16692657334221,"non-sig",0.703334809738469
"LPC(24:0)",-1.74400983183756,"non-sig",0.987162775294828
"Cer(42:2)",-1.79443864321217,"non-sig",0.87942606879415
"LPC(26:2/0:0)",-1.98864128109887,"non-sig",1.06398920428479
"DG(36:5)",-1.19767085730029,"non-sig",0.472370099128661
"Cer(42:1)",-1.46264071727354,"non-sig",0.694648630553376
"LPC(26:1/0:0)",-1.87843407341762,"non-sig",1.09312646527793
"DG(36:4)",-2.70768954408504,"non-sig",0.489454989793388
"Cer(41:2)",-2.47516338047053,"non-sig",1.21752737583371
"SM(28:1)",-0.506698589649812,"non-sig",0.250263684430939
"LPC(26:0/0:0)",-1.89229775017843,"non-sig",0.823908740944319
"DG(36:3)",-2.0673210999998,"non-sig",0.987162775294828
"Cer(41:1)",-1.76309395938079,"non-sig",0.892790030352132
"DG(36:2)",-2.38181151232899,"non-sig",1.16557929631847
"Cer(41:0)",-3.83002196254735,"CER",2.22257317761069
"CAR(6:0)",0.0278585639407432,"non-sig",0.0101054362812269
"DG(36:1)",-1.89778264117369,"non-sig",0.782516055786094
"Cer(40:0)",-2.21695758988934,"CER",1.31695296176115
"SM(28:1)",-0.0988941083791239,"non-sig",0.0250280057019311
"DG(36:3)",-1.60085240656138,"non-sig",0.785156151952302
"DG(36:2)",-2.40190124912254,"non-sig",1.11125903931711
"Cer(43:2)",-1.44931469571538,"non-sig",0.649751981665837
"DG(36:1)",-1.92631545001764,"non-sig",0.698970004336019
"Cer(42:3)",-1.92388858060648,"non-sig",0.87942606879415
"Cer(43:1)",-1.18454899475808,"non-sig",0.761953896871205
"Cer(42:2)",-1.7753788777707,"non-sig",0.856985199745905
"Cer(42:0)",-1.58368975640585,"non-sig",0.714442690992226
"Cer(42:1)",-1.40204646066104,"non-sig",0.681936665037238
"Cer(42:0)",-2.79174660949881,"CER",1.55752023093555
"Cer(41:0)",-2.7163948442282,"CER",1.74232142513082
"DG(O-38:1)",-2.0339151667518,"non-sig",1.13194363817696
"DG(38:7)",0.469919244782844,"non-sig",0.228412519118745
"MG(38:0)",-0.111330636231383,"non-sig",0.0333890133180656
"DG(38:6)",0.93480963558482,"non-sig",0.576754126063192
"DG(38:5)",-0.263364845324865,"non-sig",0.123782159408358
"DG(38:5)",-0.817941932411152,"non-sig",0.341988603342888
"SM(30:2)",-1.12454599304498,"non-sig",0.531652669587843
"DG(38:4)",-0.863513951120147,"non-sig",0.481486060122112
"DG(38:4)",-1.35982168213785,"non-sig",0.747146969020107
"Cer(43:2)",-1.41793219853498,"non-sig",0.756961951313706
"DG(38:6)",-0.036378452175363,"non-sig",0.0352690789463706
"SM(30:1)",-0.631866157817878,"non-sig",0.369572124974976
"DG(38:3)",-1.49922301654105,"non-sig",0.913640169325252
"CE(18:3)",-1.17516530779075,"non-sig",0.539102157243452
"Cer(43:1)",-0.999888988447641,"non-sig",0.619788758288394
"DG(38:2)",-1.78136182204718,"non-sig",0.943095148663527
"CE(18:2)",-1.14696330977072,"non-sig",0.812479279163537
"Cer(42:1)",-3.02860991059768,"CER",1.68824613894425
"CE(18:1)",-1.32892530789553,"non-sig",0.752026733638193
"SM(30:1)",0.173164995958899,"non-sig",0.0510982390297863
"DG(38:3)",-1.51982140152224,"non-sig",0.85078088734462
"DG(38:2)",-1.54151690072896,"non-sig",1.01727661233145
"PE(P-32:2)",-2.43206895402047,"non-sig",0.405607449624573
"SM(32:2)",-1.24444886481262,"non-sig",0.627087997029893
"SM(32:1)",-0.99313722029207,"non-sig",0.444905551421681
"Cer(44:2)",-0.778865111463954,"non-sig",0.447331783887807
"PC(28:0)",-1.01760540947007,"non-sig",0.417936637088291
"DG(O-40:3)",-2.40490807997646,"non-sig",1.09908693226233
"Cer(44:1)",-1.63895960862605,"non-sig",0.677780705266081
"SE(28:1/18:2)",-1.93246844271013,"non-sig",0.707743928643524
"DG(40:8)",1.44586849520527,"non-sig",1.2839966563652
"Cer(43:0)",-2.20726137736262,"CER",2.19928292171761
"DG(40:7)",-1.06830312293643,"non-sig",0.18575240426808
"DG(40:6)",-2.92343194185499,"DG",1.37468754903833
"DG(40:5)",-1.20553774044089,"non-sig",0.737548910269571
"SM(33:1)",-1.65080160069486,"non-sig",0.899629454882437
"PC(O-30:1)",-1.38182350481993,"non-sig",0.596879478824182
"CE(20:4)",-0.956778682851589,"non-sig",0.645891560852599
"DG(40:6)",-1.85126417066456,"non-sig",0.739928612014925
"SM(32:1)",-2.33933292196571,"SM",1.30980391997149
"SM(33:0)",-2.64438971213267,"non-sig",1.2020403562628
"PC(O-30:0)",-0.860242058699658,"non-sig",0.380906669373257
"SE(29:1/18:3)",-0.944429672454746,"non-sig",0.568636235841013
"CE(20:2)",-1.57168063509377,"non-sig",0.987162775294828
"Cer(44:1)",-2.72220177130767,"CER",1.88272870434424
"SM(32:2)",-1.35916271037845,"non-sig",0.647817481888638
"SM(32:1)",-0.802638955634386,"non-sig",0.3767507096021
"HexCer(34:2)",-2.34763764094074,"HEXCER",3.1505805862031
"SM(34:3)",-1.12836479941723,"non-sig",0.790484985457369
"PE(P-34:2)",-1.57528540935594,"PE",2.0423927129399
"HexCer(34:1)",-0.223644878987741,"non-sig",0.158015195409886
"SM(34:2)",-1.39194329337414,"non-sig",0.732828271596986
"PE(P-34:1)",-1.87675581435717,"non-sig",0.645891560852599
"PC(O-31:2)",-0.904260263393581,"non-sig",0.333482019445119
"HexCer(34:0)",-1.74712020984158,"non-sig",0.531652669587843
"SE(28:2/20:4)",-1.18302200940702,"non-sig",0.521433504406157
"SM(34:1)",-1.02225118191191,"non-sig",0.737548910269571
"SM(34:0)",-0.331482717063817,"non-sig",0.382999658879101
"DG(42:10)",-0.23629026976954,"non-sig",0.103473782510445
"PC(O-31:0)",-1.38078636473021,"non-sig",0.51427857351842
"DG(O-42:3)",1.00688314991697,"non-sig",0.360513510731414
"DG(O-42:2)",2.24491679300107,"non-sig",0.404503778174426
"DG(42:8)",-0.565324195491264,"non-sig",0.221848749616356
"SM(33:1)",-1.55502964737424,"non-sig",0.939302159646388
"IS:(PE(15:0_18:1(d7))",-1.09809294725988,"non-sig",0.486782399932061
"TG(40:0)",-0.522857057044241,"non-sig",0.442492798094342
"PC(31:3)",0.144745667695588,"non-sig",0.0545314148681803
"PE(34:3)",0.648744914746537,"non-sig",0.218244625347531
"PC(O-32:3)",-0.771050669374233,"non-sig",0.294136287716081
"CE(22:6)",-0.463531032373758,"non-sig",0.26440110030182
"SM(35:2)",-1.4882289444919,"non-sig",0.772113295386326
"PE(34:2)",-0.490022426230006,"non-sig",0.221848749616356
"PC(O-32:2)",-3.32761622822543,"PC",1.31605286924849
"HexCer(34:1)",-2.32079583487551,"HEXCER",1.75448733218585
"SE(29:2/20:4)",-0.432223225527466,"non-sig",0.266000713461613
"CE(22:5)",0.543366008780747,"non-sig",0.342944147142896
"SM(34:2)",-1.92675286263476,"non-sig",1.04720755695591
"SM(35:1)",-1.58272719833001,"non-sig",0.642065152999546
"PE(34:1)",-3.3879075420213,"non-sig",0.406713932979543
"LPC(32:1)",-3.65022125669066,"non-sig",0.607303046740334
"PC(O-32:1)",-1.11309379517326,"non-sig",0.441291429466834
"SE(29:1/20:4)",-1.71762689474006,"non-sig",0.728158393463501
"SM(34:1)",-2.55972354165855,"non-sig",1.10679324694015
"PC(31:0)",-1.78469502401052,"non-sig",0.889410289700751
"PC(O-32:0)",-2.65407078493726,"non-sig",0.414539270491499
"SE(29:1/20:3)",-1.56964457009812,"non-sig",0.696803942579511
"SM(34:2)",-1.31253938663083,"non-sig",0.721246399047171
"PE(P-36:4)",-0.816007797755294,"non-sig",0.782516055786094
"SM(34:1)",-0.0581620776671556,"non-sig",0.103473782510445
"SM(36:4)",-1.87517285689438,"non-sig",0.958607314841775
"PE(P-36:3)",-3.61650519897051,"non-sig",1.1890957193313
"CoQ8)",1.33050980433771,"non-sig",0.397940008672038
"SM(36:3)",-0.147041611363932,"non-sig",0.0491485411114536
"PC(30:0)",-0.639616646423896,"non-sig",0.436518914605589
"PE(P-36:2)",-2.91522580684937,"PE",1.45099673797421
"HexCer(36:1)",-0.422951182325054,"non-sig",0.151195298948196
"SE(28:1/22:6)",-1.16836624871171,"non-sig",0.497572880015567
"CAR(8:0)",0.450001933867458,"non-sig",0.39040559077478
"SM(36:2)",-1.07724652685673,"non-sig",0.517126416391246
"PE(35:2)",-3.30401290048236,"non-sig",0.486782399932061
"PC(32:2)",-0.841814328687626,"non-sig",0.458420756053419
"DG(44:12)",2.21253529181639,"non-sig",0.876148359032914
"PE(P-36:1)",-2.42617610202797,"non-sig",1.13489602535887
"PC(O-33:2)",-2.89391566505422,"PC",1.30277065724028
"SM(36:1)",-3.47489756273295,"non-sig",0.411168274405793
"PC(32:1)",-0.56304281592362,"non-sig",0.334419008982047
"PC(O-33:1)",-0.752489954672722,"PC",1.32239304727951
"SM(36:0)",0.841040489774308,"non-sig",0.3585258894959
"PC(32:0)",-4.01833241505041,"non-sig",0.476253533188435
"HexCer(34:0)",-2.84769150898076,"HEXCER",1.41793663708829
"PC(O-33:0)",-1.53652692431398,"non-sig",0.600326278518962
"PE(36:5)",-0.766397511420809,"non-sig",0.242603971206976
"HexCer(38:1)",-1.0765417119887,"non-sig",0.454692883534176
"IS:(SM(36:1)",-1.02329827229444,"non-sig",0.453457336521869
"PE(36:4)",-0.810192241156674,"non-sig",0.292429823902064
"PC(O-34:4)",-2.97832636537148,"PC",1.49349496759513
"SE(29:2/22:6)",0.11667762556138,"non-sig",0.0462403082667712
"TG(42:0)",-0.965682881245151,"non-sig",0.782516055786094
"PE(36:3)",-0.558744609753507,"non-sig",0.244125144327509
"PC(O-34:3)",-2.54500450920746,"non-sig",1.07007043991541
"LPC(34:3)",-5.17433228918683,"non-sig",0.752026733638193
"SE(29:1/22:6)",-0.471086084702169,"non-sig",0.2518119729938
"SM(37:2)",-1.21384541724533,"non-sig",0.571865205971211
"PE(36:2)",-3.56544699291485,"non-sig",0.519993057042849
"PC(33:2)",-1.66874505720011,"non-sig",0.995678626217357
"LPC(34:2)",-3.64695412334535,"non-sig",0.653647025549361
"PC(O-34:2)",-5.00335647197423,"non-sig",0.51427857351842
"SM(36:2)",-2.2376059098656,"non-sig",0.856985199745905
"SM(37:1)",-2.84581473709718,"non-sig",0.379863945026242
"PE(36:1)",-2.68019470107797,"non-sig",1.1249387366083
"PC(O-34:1)",-2.78592271933615,"non-sig",0.625251653989896
"SM(36:1)",-3.03053611628777,"non-sig",0.764471553092451
"PE(P-38:6)",-2.21032364699381,"non-sig",1.02641037657274
"PC(33:0)",-5.17213259499307,"non-sig",0.554395796726402
"PC(O-34:0)",-1.82208312784723,"non-sig",0.714442690992226
"SM(36:3)",-0.344288288466707,"non-sig",0.139661993429006
"PE(P-38:5)",-2.35066846838093,"non-sig",0.498940737782249
"PC(32:2)",-0.649966445903146,"non-sig",0.346787486224656
"PE(P-38:4)",-2.54942451019278,"non-sig",1.1007268126824
"TG(43:1)",-1.75323470954309,"non-sig",0.924453038607469
"SM(36:1)",0.438517540453173,"non-sig",0.366531544420413
"IS:(PC(15:0_18:1(d7))",-0.773147472237454,"non-sig",0.371611069949688
"PC(32:1)",1.04866859842251,"PC",2.11633856484638
"PE(37:4)",-0.108491399929072,"non-sig",0.0958256317158365
"PC(34:4)",-2.50058729126299,"non-sig",1.04431224968649
"PE(P-38:3)",-3.04034095416748,"non-sig",1.28650945690606
"PC(O-35:4)",-2.21833874912431,"PC",1.49485002168009
"IS:(PS(15:0_18:1(d7))",-0.831368311552072,"non-sig",0.406713932979543
"SM(38:3)",1.30210687625281,"non-sig",0.329754146925876
"SPB(18:1)",-0.23582653848171,"non-sig",0.137272471682025
"NAE(16:0)",-0.383529756238964,"non-sig",0.17979854051436
"PC(32:0)",-3.59208362289763,"non-sig",0.384049948343599
"PC(34:3)",-0.118499875747464,"non-sig",0.0579919469776868
"PE(P-38:2)",-3.02603291843472,"PE",1.64781748188864
"HexCer(38:1)",-1.19586446545281,"non-sig",0.480172006224281
"SM(38:2)",-1.42713483621277,"non-sig",0.298432014944073
"PC(34:2)",-0.278895509121071,"non-sig",0.490797477668897
"PE(37:2)",-1.73416946523848,"non-sig",1.17979854051436
"PC(O-35:2)",-1.0976611854128,"PC",1.60554831917378
"LPE(38:2)",-3.50410638238979,"LPE",1.54821356447571
"PE(P-38:1)",-2.84986030363785,"PE",1.52870828894106
"HexCer(38:0)",-0.637604941849427,"non-sig",0.163675884293248
"SM(38:1)",0.000786162400913781,"non-sig",0.000434511774017692
"PC(34:1)",-2.69443797198723,"non-sig",0.38933983691012
"SM(38:0)",0.82885389514486,"non-sig",0.355561410532161
"PE(38:7)",-0.440743331468354,"non-sig",0.1944991418416
"PC(34:0)",-2.67866084637494,"non-sig",1.11013827874181
"PE(38:6)",-0.267193761479643,"non-sig",0.154901959985743
"LPC(34:3)",-3.05280686019107,"LPC",1.31425826139774
"PC(O-36:6)",-1.7080473092334,"non-sig",0.872895201635192
"PC(33:2)",-1.41745221036922,"non-sig",0.876148359032914
"PE(38:5)",-2.74260381422173,"non-sig",0.505845405981557
"PC(O-36:5)",-1.53465981492307,"non-sig",0.96657624451305
"LPC(36:5)",-2.23781917601838,"LPC",1.53313237964589
"HexCer(40:1)",-1.82682535071909,"non-sig",0.920818753952375
"TG(44:1)",-0.717766691196065,"non-sig",0.188424994129407
"SM(37:1)",0.215055365185592,"non-sig",0.087246696328677
"PE(36:1)",-1.93700100141651,"non-sig",1.012780770092
"PE(38:4)",-3.47363697899409,"non-sig",0.349692476868064
"PC(35:4)",-1.85828957350435,"non-sig",1.06803388527183
"LPC(34:1)",-2.64646360606288,"non-sig",0.600326278518962
"PC(O-36:4)",-3.97623270739982,"non-sig",0.600326278518962
"TG(44:0)",-0.718839013266766,"non-sig",0.355561410532161
"PE(38:3)",-1.32028971930964,"non-sig",0.603800652904264
"PC(35:3)",-0.481449723515464,"non-sig",0.364516253185088
"PC(O-36:3)",-2.96059772968585,"non-sig",0.447331783887807
"LPC(36:3)",-3.25393975015824,"LPC",1.41116827440579
"HexCer(39:1)",-2.05392522648977,"non-sig",1.0204516252959
"SM(39:2)",-1.23469749472175,"non-sig",0.308918507877032
"PC(35:2)",-4.16162653709283,"non-sig",0.539102157243452
"PC(O-36:2)",-3.30532062149485,"non-sig",1.29499204066666
"SM(39:1)",-0.978690875851029,"non-sig",0.449771646944906
"PC(35:1)",-0.191407540045947,"non-sig",0.178486471595227
"PE(38:1)",-1.69060775513004,"non-sig",1.04095860767891
"PC(O-36:1)",-2.58872878567412,"PC",1.31785492362617
"SM(40:7)",1.02327125709214,"non-sig",0.424812155072339
"PC(34:4)",-2.07722150915393,"non-sig",1.07779372256098
"PE(P-40:6)",-4.29350960353192,"non-sig",0.621602099051862
"PC(35:0)",-3.44656597881833,"PC",1.59345981956604
"PC(O-36:0)",-2.8658298527464,"non-sig",1.26680273489343
"PC(34:3)",-0.00596131692200785,"non-sig",0.00392634551472468
"PC(36:6)",-0.996636687377084,"non-sig",0.585026652029182
"PE(39:6)",-0.719958922604679,"non-sig",0.346787486224656
"PE(P-40:5)",-4.2449647453138,"non-sig",1
"PC(36:5)",-1.64796244480381,"non-sig",0.663540266151471
"PC(36:5)",-1.1655844524474,"non-sig",0.603800652904264
"PE(P-40:4)",-2.72808419768477,"PE",1.41680122603138
"HexCer(41:1)",-1.94863329829535,"HEXCER",1.36251027048749
"TG(45:1)",0.747090777017551,"non-sig",0.278189384787453
"SM(38:1)",0.442160479070736,"non-sig",0.191114132640188
"SM(40:4)",0.611146524966401,"non-sig",0.258848401148215
"PC(34:1)",-0.995058772289788,"non-sig",0.294136287716081
"PC(36:4)",-0.853041986141925,"non-sig",0.690369832574101
"PE(39:4)",-1.42562276800172,"non-sig",0.671620396561262
"PE(P-40:3)",-3.09505055698117,"PE",1.33629907461035
"HexCer(40:2)",-1.88036682633159,"non-sig",0.91721462968355
"TG(45:0)",-0.621651755776874,"non-sig",0.460923901207223
"PC(34:0)",-2.4196628734011,"non-sig",1.01592296609717
"PC(36:3)",-1.02126772305879,"non-sig",0.829738284605043
"PE(P-40:2)",-2.7435879851139,"PE",1.47755576649368
"HexCer(40:1)",-1.84135880715639,"non-sig",0.882728704344236
"SM(40:2)",0.451627849597205,"non-sig",0.295849483160201
"PC(36:2)",-0.778755211281826,"non-sig",0.774690718274137
"HexCer(40:0)",-1.65955155592448,"non-sig",0.815308569182401
"SM(40:1)",-0.647548362900579,"non-sig",0.274905478918531
"PE(38:5)",0.790906062025144,"non-sig",0.511449283499556
"PE(40:8)",0.497612030761768,"non-sig",0.176525770829699
"LPC(36:5)",-1.26309665983412,"non-sig",0.709965388637482
"PC(36:1)",-1.35087387217676,"non-sig",0.769551078621726
"TG(46:4)",-0.716305917287961,"non-sig",0.251037138743839
"SM(40:0)",-0.0810815975057864,"non-sig",0.0333890133180656
"PC(35:4)",-0.980468574520401,"non-sig",0.764471553092451
"PE(40:7)",-0.189940060917039,"non-sig",0.0824944904474534
"PC(O-38:7)",-1.19092463250839,"non-sig",0.801342913045577
"PC(36:0)",-3.46043177247108,"PC",1.67366413907125
"TG(46:3)",-0.160525055117397,"non-sig",0.0520763801682736
"PC(35:3)",0.406908853650542,"non-sig",0.737548910269571
"PE(38:3)",-0.503142142608834,"non-sig",0.262012673666569
"PC(37:6)",-1.11545060392632,"non-sig",0.638272163982407
"PE(40:6)",0.509634480216498,"non-sig",0.692503962086787
"PC(O-38:6)",-1.42213095833366,"non-sig",0.749579997691106
"HexCer(42:2)",-1.56708497845699,"non-sig",1.03763066432998
"TG(46:2)",-1.01263694213391,"non-sig",0.321481620959886
"PE(40:5)",-2.27904577079416,"non-sig",0.301029995663981
"PC(35:2)",0.0263722422098951,"non-sig",0.069050968832477
"PC(37:5)",-1.79510521464178,"non-sig",0.782516055786094
"LPC(38:5)",-3.81428636564289,"non-sig",0.642065152999546
"CAR(10:0)",0.747774990350095,"non-sig",0.521433504406157
"PC(O-38:5)",-4.01845683613172,"non-sig",0.531652669587843
"HexCer(42:1)",-1.94205047678532,"non-sig",1.16178077809237
"TG(46:1)",-0.876763542832336,"non-sig",0.2518119729938
"CoQ9)",0.857935754422009,"non-sig",0.314258261397736
"SM(39:1)",-0.750207788020415,"non-sig",0.356547323513813
"PC(37:4)",-1.71005201302335,"non-sig",0.761953896871205
"PE(40:4)",-0.216713097437502,"non-sig",0.0700704399154121
"PC(O-38:4)",-2.72411733253043,"non-sig",1.25103713874384
"HexCer(41:2)",-1.70181734761051,"non-sig",1.20065945054642
"TG(46:0)",-1.38131277905604,"non-sig",0.560667306169737
"SM(41:3)",-2.14249766416108,"non-sig",0.447331783887807
"TG(46:2)",-0.606053127687854,"non-sig",0.251037138743839
"PC(35:0)",-2.59610031416087,"PC",1.36351210364663
"PC(O-38:3)",-2.23204300744488,"non-sig",0.924453038607469
"HexCer(41:1)",-2.0050389985206,"non-sig",1.20342566678957
"SM(41:2)",-0.906096194182457,"non-sig",0.562249437179612
"PC(36:6)",-0.867844759906074,"non-sig",0.511449283499556
"PC(O-38:2)",-2.9687897221709,"non-sig",1.28735029837279
"SM(41:1)",-1.01217160938344,"non-sig",0.505845405981557
"PC(36:5)",-1.13415990564425,"non-sig",0.563837352959244
"PC(37:1)",-2.30093526664553,"non-sig",1.27572413039921
"SM(42:7)",0.843521053792923,"non-sig",0.326979092871104
"PC(38:7)",-0.537337299894894,"non-sig",0.25649023527157
"PE(P-42:6)",-2.20059711149926,"non-sig",1.08990945440593
"PC(O-38:0)",-2.83818321841222,"PC",1.32148162095989
"TG(47:3)",-0.542294845927014,"non-sig",0.1073489661227
"SM(42:6)",3.37482053195827,"non-sig",1.01772876696043
"PC(36:3)",0.364328714458345,"non-sig",0.995678626217357
"PC(38:6)",-0.501232879505572,"non-sig",0.438898616350944
"PE(41:6)",-1.58073441917433,"non-sig",0.497572880015567
"PC(O-39:6)",-3.03963576304191,"non-sig",0.568636235841013
"PE(P-42:5)",-3.0709220819488,"PE",1.32057210338788
"TG(47:2)",-1.3449913116701,"non-sig",0.387216143280265
"TG(O-48:2)",-1.4069866099743,"TG",2.19517932127884
"SM(40:2)",0.797759752992697,"non-sig",0.756961951313706
"SM(42:5)",1.6773885279302,"non-sig",0.610833915635468
"PC(36:2)",-1.5679767175933,"non-sig",0.314258261397736
"PC(38:5)",-1.01229963051061,"non-sig",0.621602099051862
"PE(P-42:4)",-2.65695928698479,"PE",1.43415218132648
"HexCer(42:3)",-1.25764087227503,"non-sig",0.739928612014925
"TG(47:1)",-1.30787336647256,"non-sig",0.478861916295964
"TG(O-48:1)",-0.390999313548146,"non-sig",0.17979854051436
"SM(40:1)",-0.118381027790512,"non-sig",0.0710923097560473
"SM(42:4)",-1.02210893256419,"non-sig",0.480172006224281
"NAE(18:2)",-0.915298874206719,"non-sig",0.489454989793388
"PC(36:1)",-0.30270885109632,"non-sig",0.266802734893431
"PC(38:4)",-3.41410254794772,"non-sig",0.45717457304082
"PE(P-42:3)",-2.82795426612582,"non-sig",1.28988263488818
"PC(O-39:4)",-2.81906742316268,"PC",1.35753547975788
"HexCer(42:2)",-0.693658766213264,"non-sig",0.490797477668897
"HexCer(42:2)",-1.52024112774368,"non-sig",1.0423927129399
"TG(47:0)",-2.04811907354423,"non-sig",1.28567024025477
"TG(O-48:0)",-2.12349971578263,"non-sig",1.00392634551472
"SM(40:0)",-0.513839292881727,"non-sig",0.278189384787453
"SM(42:3)",-0.545865830443319,"non-sig",0.336299074610352
"PC(38:3)",-2.97396603219842,"non-sig",0.565431095965801
"NAE(18:1)",-0.18710370393946,"non-sig",0.0861861476162833
"TG(48:6)",0.650122305092275,"non-sig",0.279014255846261
"HexCer(42:1)",-1.01258313864481,"non-sig",0.521433504406157
"HexCer(42:1)",-1.73082685667593,"non-sig",0.954677021213343
"SM(42:2)",-0.46380061690947,"non-sig",0.345823458122039
"PC(37:6)",-1.14513493741082,"non-sig",0.735182176990464
"PC(38:2)",-2.61680417880599,"PC",1.44977164694491
"TG(48:5)",0.742190768724857,"non-sig",0.268411234813261
"HexCer(42:0)",-1.19848798363932,"non-sig",1.1157712303674
"SM(42:1)",-0.782802201976761,"non-sig",0.283996656365201
"TG(O-48:0)",-1.46908713858478,"non-sig",0.85078088734462
"PC(O-40:8)",-1.8682994915747,"non-sig",0.87942606879415
"NAE(18:0)",0.0221071852229962,"non-sig",0.0101054362812269
"TG(48:4)",-1.11736556625458,"non-sig",0.384049948343599
"SM(42:0)",-0.721522973070936,"non-sig",0.367542707815276
"PC(37:4)",-1.01566066478995,"non-sig",0.565431095965801
"PC(39:7)",-1.05454619592556,"non-sig",0.643974142806877
"PC(O-40:7)",-1.36333301977757,"non-sig",0.728158393463501
"HexCer(40:0)",-3.15179227443754,"HEXCER",1.70114692359029
"TG(48:3)",-1.25454865846562,"non-sig",0.385102783966865
"CAR(11:0)",0.448973900153085,"non-sig",0.26440110030182
"PC(39:6)",-0.708201071788928,"non-sig",0.505845405981557
"PC(O-40:6)",-3.43701217850761,"non-sig",0.649751981665837
"TG(48:2)",-1.61908506707997,"non-sig",0.563837352959244
"TG(O-49:2)",-0.385382349243176,"non-sig",0.277366077466188
"SM(41:2)",-0.783756907363752,"non-sig",0.52432881167557
"TG(48:4)",-0.818580051410745,"non-sig",0.324221658325915
"PC(37:2)",-2.74286528786593,"PC",1.34872198600186
"PC(39:5)",-1.27560067134067,"non-sig",0.585026652029182
"PC(O-40:5)",-2.70563739306276,"non-sig",1.26600071346161
"TG(48:1)",-1.93005968433799,"non-sig",0.605548319173784
"TG(O-49:1)",-1.10965801665699,"non-sig",0.659555885159882
"SM(41:1)",-0.872166421796766,"non-sig",0.424812155072339
"TG(48:3)",-0.85085977312162,"non-sig",0.361510743045363
"PC(39:4)",-3.86385707709409,"non-sig",0.653647025549361
"PC(O-40:4)",-2.91762352934393,"PC",1.33535802444387
"TG(48:0)",-1.97207572061073,"non-sig",0.756961951313706
"TG(O-49:0)",-1.6710815924,"non-sig",0.860120913598763
"SM(42:7)",-0.401901057030841,"non-sig",0.147520006363144
"SM(41:0)",-0.927590519174114,"non-sig",0.623423042943488
"SM(43:3)",-1.34362985648368,"non-sig",0.75448733218585
"TG(48:2)",-0.358783526763364,"non-sig",0.231361898752386
"PC(38:7)",-0.570007193516364,"non-sig",0.248720896016658
"PC(39:3)",-2.05529308928446,"non-sig",1.08407278830288
"PC(O-40:3)",-2.85137628975385,"PC",1.47237009912866
"HexCer(43:1)",-2.13422350869865,"HEXCER",1.42136079003193
"SM(42:6)",2.22312008264681,"non-sig",0.638272163982407
"SM(42:3)",-4.24432668484772,"non-sig",0.625251653989896
"SM(43:2)",-0.768020324171246,"non-sig",0.46344155742847
"TG(48:1)",-0.0474480931357739,"non-sig",0.0277971616209356
"PC(38:6)",-1.41625759121057,"non-sig",0.737548910269571
"PC(O-40:2)",-2.60029113946171,"PC",1.30715308072277
"SM(42:5)",1.78801665113152,"non-sig",0.661543506395395
"SM(42:2)",-1.92481334210423,"non-sig",0.889410289700751
"SM(43:1)",-0.837059009062145,"non-sig",0.422508200162775
"IS:(TG(15:0_18:1(d7)_15:0)",-0.894828237155405,"non-sig",0.388276691992658
"PC(38:5)",0.59012589982326,"PC",1.97469413473523
"PC(40:8)",-0.988334324728992,"non-sig",0.329754146925876
"PE(P-44:7)",-2.27961175212832,"non-sig",1.13076828026902
"PC(O-40:1)",-2.47870534125732,"PC",1.34775365899668
"TG(49:4)",-1.24289997743591,"non-sig",0.3585258894959
"PC(38:4)",-2.03201865768749,"non-sig",0.344861565188618
"PC(40:7)",-1.06478571090003,"non-sig",0.665546248849069
"PE(P-44:6)",-2.14242472082829,"non-sig",0.98296666070122
"HexCer(41:0)",-3.22768720891754,"HEXCER",1.8153085691824
"TG(49:3)",-1.86344405540669,"non-sig",0.636388020107856
"TG(O-50:3)",-2.8829520113925,"TG",2.61261017366127
"SM(42:3)",0.371826527896729,"non-sig",0.370590400897281
"SM(44:6)",-0.293425370999433,"non-sig",0.0700704399154121
"PC(38:3)",-1.87535219085019,"non-sig",0.392544976785331
"PC(40:6)",-3.32497909154898,"non-sig",0.412289034981089
"PE(P-44:5)",-2.74410446160485,"PE",1.54515513999149
"PC(O-41:6)",-2.60519297988235,"non-sig",1.04191415147891
"TG(49:2)",-2.94664985289987,"non-sig",1.06398920428479
"TG(O-50:2)",-2.97635359737637,"TG",2.63264407897398
"SM(42:2)",0.0509027613045596,"non-sig",0.193820026016113
"TG(49:4)",-0.726180015776691,"non-sig",0.262807357295263
"PC(38:2)",-2.47483444452194,"PC",1.39902710431325
"PC(40:5)",-2.95073646235462,"non-sig",0.455931955649724
"PE(P-44:4)",-2.4079767922626,"PE",1.68402965454308
"TG(49:1)",-2.57705537452702,"non-sig",0.962573502059376
"TG(O-50:1)",-2.24828827900789,"non-sig",1.16494389827988
"SM(42:1)",-0.550327679219116,"non-sig",0.210419287835575
"PC(38:1)",-1.33848478878607,"non-sig",1.26841123481326
"PC(40:4)",-2.22482425471298,"non-sig",1.06600683616876
"PC(O-41:4)",-2.65669812485957,"PC",1.41341269532825
"TG(50:7)",1.92764211044481,"non-sig",0.829738284605043
"TG(O-50:0)",-1.86454144906656,"non-sig",0.742321425130815
"SM(42:0)",-0.50506713859755,"non-sig",0.257274868695302
"SM(44:3)",-0.875363073317359,"non-sig",0.489454989793388
"TG(49:2)",-1.63925910831491,"non-sig",0.892790030352132
"TG(O-50:2)",-2.23688269349508,"TG",1.55129368009492
"PC(39:7)",-0.775030071133283,"non-sig",0.627087997029893
"PC(40:3)",-2.1363666751051,"PC",1.54515513999149
"PC(O-41:3)",-2.48247854215615,"PC",1.31425826139774
"SM(44:2)",-0.70687411688246,"non-sig",0.321481620959886
"TG(49:1)",-1.68181676401346,"non-sig",0.818156412055227
"TG(O-50:1)",-1.69371420807742,"non-sig",1.09582563171584
"PC(40:2)",-2.6796064319524,"PC",1.47625353318844
"TG(50:5)",-1.37534036098418,"non-sig",0.485452247339714
"SM(44:1)",-1.23105759731197,"non-sig",0.405607449624573
"TG(O-50:0)",-1.34370151262979,"non-sig",0.575118363368933
"PC(39:5)",-0.375691929984136,"non-sig",0.508638306165727
"PC(O-42:8)",-1.33605591376996,"non-sig",0.627087997029893
"PC(40:1)",-1.95589009772123,"non-sig",0.860120913598763
"HexCer(42:1)",-3.25453496375195,"HEXCER",2.23732143627256
"TG(50:4)",-1.67689382308989,"non-sig",0.643974142806877
"TG(50:6)",-0.521487267820888,"non-sig",0.208309350979882
"PC(41:7)",0.0146310114960393,"non-sig",0.0083309926200515
"PC(39:4)",-3.77376453908939,"non-sig",0.59176003468815
"PC(O-42:7)",-2.21822966886556,"non-sig",0.94692155651658
"HexCer(42:0)",-3.48345981033024,"HEXCER",1.43889861635094
"TG(50:3)",-2.05088844956339,"non-sig",0.795880017344075
